Track_ID,Genre,Artist_Name,Duration_Min,Danceability,Energy,Acousticness,Streams_Millions
1001,Pop,Artist_24,2.98,0.81,0.45,0.25,122.09
1002,Classical,Artist_23,4.87,0.51,0.68,0.25,15.77
1003,Hip-Hop,Artist_19,2.35,0.93,0.49,0.03,163.71
1004,Classical,Artist_45,3.34,0.76,0.32,0.19,37.71
1005,Hip-Hop,Artist_8,3.01,0.57,0.83,0.61,46.58
1006,Pop,Artist_29,3.81,0.23,0.82,0.84,37.68
1007,Classical,Artist_9,2.73,0.72,0.53,0.46,8.7
1008,Electronic,Artist_36,4.92,0.96,0.72,0.11,32.87
1009,Classical,Artist_41,3.49,0.62,0.48,0.01,1.66
1010,Indie,Artist_7,2.08,0.1,0.75,0.21,11.55
1011,Indie,Artist_16,2.04,0.53,0.55,0.87,41.13
1012,Indie,Artist_27,2.9,0.39,0.56,0.68,31.7
1013,Indie,Artist_23,2.01,0.84,0.47,0.64,33.94
1014,Jazz,Artist_30,3.04,0.8,0.29,0.45,41.89
1015,Indie,Artist_41,3.65,0.36,0.87,0.77,42.51
1016,Jazz,Artist_1,2.8,0.73,0.27,0.36,46.64
1017,Electronic,Artist_35,3.85,0.41,0.16,0.14,14.78
1018,Rock,Artist_17,2.81,0.53,0.45,0.47,30.67
1019,Jazz,Artist_26,3.75,0.41,0.55,0.14,16.44
1020,Pop,Artist_38,4.01,0.41,0.97,0.64,54.44
1021,Jazz,Artist_3,3.93,0.59,0.53,0.6,29.24
1022,Hip-Hop,Artist_22,2.03,0.47,0.33,0.69,20.71
1023,Rock,Artist_13,4.34,0.38,0.58,0.27,18.61
1024,Rock,Artist_35,2.23,0.76,0.11,0.18,37.11
1025,Classical,Artist_11,2.76,0.4,0.56,0.07,13.75
1026,Rock,Artist_9,2.09,0.88,0.6,0.14,43.11
1027,Indie,Artist_30,3.27,0.69,0.24,0.6,27.81
1028,Pop,Artist_27,4.32,0.47,0.62,0.54,5.83
1029,Hip-Hop,Artist_42,4.26,0.31,0.85,0.67,38.87
1030,Rock,Artist_22,3.49,0.99,0.37,0.78,12.68
1031,Indie,Artist_32,2.3,0.87,0.6,0.74,14.82
1032,Indie,Artist_31,4.78,0.81,0.31,0.58,5.83
1033,Indie,Artist_36,2.9,0.94,0.91,0.26,46.53
1034,Rock,Artist_45,3.75,0.46,0.55,0.13,12.6
1035,Electronic,Artist_33,2.72,0.6,0.81,0.08,47.78
1036,Rock,Artist_10,4.88,0.93,0.59,0.58,5.62
1037,Rock,Artist_19,3.47,0.28,0.11,0.85,20.42
1038,Jazz,Artist_17,2.84,0.78,0.37,0.37,40.08
1039,Electronic,Artist_15,4.29,0.94,0.77,0.4,41.19
1040,Hip-Hop,Artist_30,4.76,0.5,0.6,0.18,22.67
1041,Electronic,Artist_41,2.6,0.7,0.84,0.01,38.48
1042,Hip-Hop,Artist_10,3.12,0.77,0.48,0.18,186.28
1043,Electronic,Artist_45,3.15,0.59,0.81,0.33,55.29
1044,Jazz,Artist_36,4.73,0.58,0.46,0.52,29.22
1045,Classical,Artist_41,2.45,0.73,0.79,0.29,6.37
1046,Indie,Artist_41,2.91,0.4,0.71,0.54,40.02
1047,Jazz,Artist_25,2.95,0.68,0.32,0.36,17.14
1048,Pop,Artist_29,4.73,0.92,0.22,0.69,19.99
1049,Electronic,Artist_16,3.39,0.5,0.51,0.7,44.03
1050,Hip-Hop,Artist_3,2.06,0.19,0.88,0.12,12.16
1051,Indie,Artist_13,3.87,0.18,0.54,0.56,35.54
1052,Pop,Artist_24,4.42,0.29,0.88,0.18,29.16
1053,Electronic,Artist_30,2.29,0.25,0.77,0.01,14.47
1054,Indie,Artist_40,3.73,0.23,0.65,0.58,46.53
1055,Rock,Artist_7,4.82,0.18,0.81,0.88,51.98
1056,Jazz,Artist_36,3.53,0.18,0.49,0.2,9.03
1057,Electronic,Artist_6,4.85,0.21,0.99,0.74,4.63
1058,Electronic,Artist_17,3.64,0.45,0.98,0.4,12.41
1059,Pop,Artist_33,3.27,0.28,0.46,0.03,31.18
1060,Hip-Hop,Artist_30,3.72,0.5,0.31,0.86,16.0
1061,Hip-Hop,Artist_39,4.96,0.73,0.69,0.42,65.67
1062,Rock,Artist_21,3.5,0.72,0.11,0.63,1.59
1063,Jazz,Artist_13,3.96,0.44,0.68,0.12,42.3
1064,Indie,Artist_35,2.7,0.4,0.32,0.51,17.05
1065,Classical,Artist_10,2.54,0.12,0.69,0.41,30.53
1066,Jazz,Artist_9,3.08,0.53,0.43,0.81,29.92
1067,Jazz,Artist_31,3.44,0.59,0.89,0.5,27.6
1068,Hip-Hop,Artist_33,4.73,0.74,0.82,0.24,46.8
1069,Classical,Artist_17,4.67,0.59,0.59,0.52,24.2
1070,Hip-Hop,Artist_27,3.92,0.67,0.19,0.49,11.5
1071,Pop,Artist_36,2.61,0.15,0.11,0.37,47.06
1072,Jazz,Artist_31,4.47,0.61,0.84,0.24,27.74
1073,Jazz,Artist_48,4.62,0.83,0.91,0.16,53.02
1074,Jazz,Artist_31,2.54,0.82,0.55,0.01,23.74
1075,Indie,Artist_11,2.62,0.68,0.11,0.59,12.41
1076,Jazz,Artist_10,4.38,0.95,0.92,0.81,44.66
1077,Classical,Artist_3,4.45,0.65,0.22,0.1,45.36
1078,Rock,Artist_1,3.69,0.33,0.6,0.82,25.81
1079,Classical,Artist_38,4.97,0.7,0.78,0.89,45.02
1080,Indie,Artist_49,4.73,0.25,0.21,0.24,41.6
1081,Electronic,Artist_21,3.85,0.22,0.79,0.16,7.28
1082,Jazz,Artist_24,4.78,0.39,0.71,0.62,33.65
1083,Indie,Artist_4,3.45,0.22,0.66,0.02,44.04
1084,Rock,Artist_14,2.44,0.11,0.98,0.06,10.85
1085,Hip-Hop,Artist_34,3.79,0.38,0.98,0.47,28.91
1086,Indie,Artist_31,3.91,0.49,0.46,0.88,1.53
1087,Hip-Hop,Artist_29,2.08,0.35,0.1,0.66,25.41
1088,Hip-Hop,Artist_33,2.33,0.73,0.25,0.39,107.26
1089,Pop,Artist_28,3.12,0.96,0.49,0.23,30.62
1090,Classical,Artist_9,3.58,0.63,0.49,0.83,7.47
1091,Jazz,Artist_42,4.21,0.18,0.84,0.38,32.52
1092,Hip-Hop,Artist_42,2.1,0.37,0.75,0.07,43.9
1093,Classical,Artist_27,3.38,0.88,0.83,0.37,25.13
1094,Rock,Artist_49,2.51,0.67,0.5,0.49,36.41
1095,Classical,Artist_35,2.49,0.62,0.38,0.33,34.31
1096,Electronic,Artist_40,3.66,0.36,0.39,0.71,17.31
1097,Electronic,Artist_25,4.53,0.11,0.91,0.36,36.76
1098,Hip-Hop,Artist_37,2.18,0.52,0.8,0.54,33.08
1099,Hip-Hop,Artist_28,3.32,0.27,0.48,0.45,2.58
1100,Classical,Artist_25,3.1,0.67,0.3,0.5,21.46
1101,Rock,Artist_26,4.52,0.65,0.48,0.45,43.51
1102,Hip-Hop,Artist_16,2.04,0.77,0.12,0.02,164.73
1103,Indie,Artist_38,4.12,0.14,0.28,0.81,7.79
1104,Hip-Hop,Artist_2,2.5,0.16,0.41,0.13,30.68
1105,Pop,Artist_49,3.07,0.41,0.91,0.05,18.93
1106,Electronic,Artist_29,2.07,0.75,0.76,0.69,11.39
1107,Pop,Artist_23,3.73,0.2,0.78,0.14,39.95
1108,Jazz,Artist_35,2.4,0.93,0.67,0.35,46.31
1109,Pop,Artist_40,2.94,0.42,0.88,0.16,39.19
1110,Rock,Artist_48,2.08,0.2,0.71,0.3,32.99
1111,Indie,Artist_22,3.95,0.8,0.25,0.6,40.0
1112,Rock,Artist_25,4.5,0.57,0.96,0.59,15.67
1113,Pop,Artist_22,2.33,0.87,0.7,0.52,39.89
1114,Electronic,Artist_31,4.42,0.27,0.32,0.05,28.81
1115,Classical,Artist_20,2.2,0.41,0.49,0.79,4.92
1116,Hip-Hop,Artist_14,3.81,0.6,0.87,0.04,21.64
1117,Electronic,Artist_34,4.24,0.56,0.4,0.74,33.51
1118,Jazz,Artist_32,3.98,0.2,0.61,0.8,21.73
1119,Jazz,Artist_13,4.9,0.91,0.47,0.11,19.8
1120,Indie,Artist_37,2.34,0.96,0.57,0.08,44.3
1121,Electronic,Artist_31,4.12,0.35,0.89,0.6,13.06
1122,Classical,Artist_31,4.47,1.0,0.46,0.6,26.3
1123,Electronic,Artist_18,4.57,0.43,0.81,0.64,43.26
1124,Indie,Artist_43,3.49,0.35,0.25,0.17,19.03
1125,Pop,Artist_5,2.76,0.74,0.35,0.16,64.97
1126,Rock,Artist_8,3.37,0.7,0.82,0.66,5.95
1127,Indie,Artist_3,2.42,0.38,0.25,0.18,23.46
1128,Pop,Artist_23,4.33,0.98,0.24,0.43,153.69
1129,Indie,Artist_3,3.09,0.73,0.5,0.62,29.28
1130,Electronic,Artist_50,3.3,0.18,0.29,0.27,15.59
1131,Rock,Artist_42,3.09,0.93,1.0,0.43,18.18
1132,Hip-Hop,Artist_15,4.49,0.55,0.87,0.31,55.28
1133,Jazz,Artist_42,3.59,0.62,0.4,0.54,47.31
1134,Rock,Artist_32,4.99,0.41,0.46,0.45,34.86
1135,Jazz,Artist_37,3.97,0.42,0.67,0.37,27.31
1136,Electronic,Artist_32,4.53,0.5,0.41,0.9,10.26
1137,Indie,Artist_7,3.55,0.92,0.53,0.78,47.59
1138,Pop,Artist_34,2.24,0.16,0.36,0.01,32.33
1139,Classical,Artist_1,2.19,0.98,0.59,0.2,42.0
1140,Hip-Hop,Artist_19,2.94,0.49,0.65,0.69,32.07
1141,Pop,Artist_16,3.42,0.66,0.46,0.88,32.9
1142,Indie,Artist_50,3.1,0.26,0.11,0.58,21.2
1143,Hip-Hop,Artist_50,2.36,0.95,0.65,0.33,95.03
1144,Rock,Artist_43,4.14,0.76,0.71,0.83,5.76
1145,Indie,Artist_35,4.09,0.75,0.88,0.69,33.64
1146,Rock,Artist_15,4.86,0.99,0.93,0.8,46.32
1147,Classical,Artist_28,2.14,0.43,0.24,0.58,8.48
1148,Jazz,Artist_26,4.27,0.69,0.72,0.39,21.6
1149,Pop,Artist_33,4.88,0.82,0.97,0.45,164.16
1150,Pop,Artist_7,3.94,0.23,0.13,0.51,42.44
1151,Electronic,Artist_43,3.4,0.54,0.78,0.11,49.17
1152,Hip-Hop,Artist_27,4.25,0.93,0.89,0.27,44.52
1153,Electronic,Artist_20,2.81,0.62,0.67,0.81,41.45
1154,Pop,Artist_32,2.7,0.81,0.15,0.67,78.19
1155,Indie,Artist_40,4.34,0.54,0.34,0.09,7.25
1156,Jazz,Artist_45,4.09,0.7,0.36,0.04,44.45
1157,Electronic,Artist_8,2.26,0.27,0.61,0.01,2.77
1158,Indie,Artist_47,3.12,0.99,0.62,0.05,21.21
1159,Jazz,Artist_29,4.62,0.87,0.84,0.8,28.14
1160,Rock,Artist_9,3.22,0.82,0.91,0.59,21.82
1161,Hip-Hop,Artist_8,3.58,0.4,0.38,0.07,45.45
1162,Electronic,Artist_21,2.16,0.69,0.49,0.46,49.24
1163,Jazz,Artist_48,4.39,0.36,0.37,0.49,24.61
1164,Rock,Artist_26,4.81,0.52,0.69,0.77,36.98
1165,Classical,Artist_5,3.3,0.57,0.31,0.1,23.44
1166,Rock,Artist_27,2.25,0.44,0.54,0.83,22.03
1167,Hip-Hop,Artist_13,4.21,0.39,0.18,0.35,2.54
1168,Classical,Artist_29,3.12,0.68,0.58,0.25,48.6
1169,Pop,Artist_18,3.83,0.56,0.75,0.69,40.88
1170,Hip-Hop,Artist_20,4.77,0.52,0.25,0.16,17.39
1171,Rock,Artist_7,4.07,0.2,0.86,0.48,39.45
1172,Hip-Hop,Artist_10,4.09,0.84,0.53,0.65,72.37
1173,Electronic,Artist_26,2.84,0.66,0.46,0.48,25.71
1174,Jazz,Artist_39,4.89,0.59,0.64,0.15,37.7
1175,Jazz,Artist_12,3.92,0.79,0.88,0.33,43.82
1176,Hip-Hop,Artist_17,2.27,0.23,0.51,0.54,18.04
1177,Hip-Hop,Artist_38,2.53,0.61,0.48,0.18,6.26
1178,Rock,Artist_34,3.37,0.2,0.66,0.86,21.43
1179,Indie,Artist_33,2.96,0.97,0.72,0.05,15.8
1180,Electronic,Artist_31,4.83,0.32,0.94,0.04,2.91
1181,Rock,Artist_34,2.17,0.96,0.67,0.76,37.24
1182,Hip-Hop,Artist_12,4.33,0.74,0.48,0.02,61.79
1183,Electronic,Artist_27,2.98,0.89,0.69,0.68,22.87
1184,Rock,Artist_30,2.07,0.4,0.85,0.34,34.46
1185,Electronic,Artist_36,3.02,0.68,0.17,0.52,16.3
1186,Indie,Artist_26,2.16,0.63,0.21,0.04,42.9
1187,Indie,Artist_7,3.85,0.19,0.17,0.31,41.65
1188,Classical,Artist_43,3.79,0.13,0.41,0.14,48.69
1189,Pop,Artist_28,3.02,0.37,0.54,0.89,48.0
1190,Indie,Artist_19,2.66,0.89,0.11,0.73,30.88
1191,Pop,Artist_5,2.49,0.66,0.47,0.68,13.12
1192,Pop,Artist_38,3.14,0.25,0.2,0.18,37.24
1193,Classical,Artist_39,3.26,0.46,0.51,0.29,1.03
1194,Hip-Hop,Artist_16,2.29,1.0,0.57,0.0,33.2
1195,Jazz,Artist_2,2.42,0.94,0.28,0.26,23.03
1196,Rock,Artist_48,4.8,0.74,0.33,0.77,29.18
1197,Electronic,Artist_44,4.0,0.93,0.12,0.84,33.42
1198,Indie,Artist_28,2.24,0.73,0.48,0.2,42.4
1199,Hip-Hop,Artist_44,4.17,0.53,0.2,0.27,35.98
1200,Rock,Artist_43,3.06,0.27,0.87,0.62,38.79
1201,Hip-Hop,Artist_45,3.74,0.62,0.63,0.19,15.23
1202,Rock,Artist_38,4.15,0.81,0.63,0.14,18.39
1203,Pop,Artist_48,4.05,0.65,0.31,0.05,35.7
1204,Jazz,Artist_2,2.83,0.64,0.11,0.75,40.18
1205,Electronic,Artist_13,3.66,0.4,0.24,0.3,2.86
1206,Electronic,Artist_49,2.89,0.47,0.23,0.85,41.68
1207,Indie,Artist_50,2.61,0.37,0.34,0.11,23.94
1208,Classical,Artist_37,3.49,0.38,0.36,0.14,16.34
1209,Hip-Hop,Artist_18,2.94,0.28,0.34,0.57,41.04
1210,Jazz,Artist_2,4.14,0.35,0.47,0.4,4.91
1211,Electronic,Artist_10,4.48,0.49,0.72,0.24,47.45
1212,Pop,Artist_8,4.68,0.82,0.43,0.61,46.71
1213,Indie,Artist_45,3.02,0.13,0.37,0.82,37.48
1214,Hip-Hop,Artist_45,4.13,0.88,0.49,0.66,42.89
1215,Jazz,Artist_48,3.82,0.35,0.27,0.58,3.71
1216,Jazz,Artist_35,3.79,0.37,0.78,0.04,36.69
1217,Rock,Artist_21,4.35,0.55,0.77,0.58,45.22
1218,Pop,Artist_12,3.41,0.19,0.23,0.46,9.89
1219,Electronic,Artist_18,4.8,0.41,0.79,0.67,49.29
1220,Electronic,Artist_20,2.22,0.24,0.7,0.37,33.89
1221,Hip-Hop,Artist_6,3.78,0.63,0.41,0.88,41.78
1222,Indie,Artist_16,2.62,0.84,0.35,0.38,14.78
1223,Indie,Artist_39,4.43,0.3,0.77,0.34,28.83
1224,Pop,Artist_40,3.98,0.97,0.61,0.06,132.12
1225,Electronic,Artist_26,4.77,0.47,0.72,0.72,30.96
1226,Rock,Artist_35,3.67,0.81,0.64,0.1,14.18
1227,Indie,Artist_45,3.58,0.73,0.73,0.35,22.97
1228,Classical,Artist_21,3.68,0.63,0.41,0.83,38.07
1229,Electronic,Artist_18,3.37,0.91,0.22,0.7,14.65
1230,Indie,Artist_47,4.99,0.98,0.62,0.16,22.59
1231,Jazz,Artist_15,4.17,0.12,0.15,0.04,5.93
1232,Jazz,Artist_48,4.76,0.66,0.27,0.6,39.76
1233,Pop,Artist_10,3.51,0.98,0.27,0.67,45.32
1234,Indie,Artist_35,2.47,0.39,0.69,0.22,47.13
1235,Pop,Artist_22,2.17,0.9,0.56,0.26,42.39
1236,Indie,Artist_32,3.61,0.58,0.39,0.26,38.3
1237,Rock,Artist_1,2.4,0.89,0.71,0.89,3.8
1238,Jazz,Artist_11,2.33,0.97,0.49,0.27,30.53
1239,Hip-Hop,Artist_21,2.93,0.46,0.74,0.38,32.97
1240,Classical,Artist_20,4.22,0.65,0.36,0.74,34.0
1241,Rock,Artist_19,4.32,0.54,0.88,0.62,51.17
1242,Classical,Artist_8,2.69,0.15,0.67,0.29,43.59
1243,Rock,Artist_12,3.74,0.53,0.49,0.21,10.71
1244,Rock,Artist_50,2.66,0.37,0.56,0.47,39.63
1245,Electronic,Artist_12,4.66,0.95,0.3,0.69,34.16
1246,Electronic,Artist_2,4.36,0.75,0.48,0.66,3.41
1247,Indie,Artist_32,3.73,0.68,0.46,0.03,15.71
1248,Classical,Artist_22,3.39,0.21,0.8,0.87,12.38
1249,Hip-Hop,Artist_41,4.47,0.89,0.21,0.88,92.97
1250,Jazz,Artist_21,3.41,0.13,0.55,0.06,41.16
1251,Electronic,Artist_23,2.11,0.91,0.65,0.03,4.4
1252,Indie,Artist_47,3.06,0.67,0.47,0.89,18.03
1253,Jazz,Artist_6,3.74,0.33,0.31,0.54,22.16
1254,Indie,Artist_36,4.07,0.84,0.81,0.87,54.72
1255,Indie,Artist_4,3.83,0.45,0.47,0.81,30.15
1256,Pop,Artist_2,4.83,0.24,0.95,0.21,18.34
1257,Pop,Artist_28,4.59,0.61,0.29,0.14,6.25
1258,Hip-Hop,Artist_44,2.52,0.97,0.27,0.54,10.27
1259,Jazz,Artist_27,2.77,0.38,0.76,0.25,42.38
1260,Hip-Hop,Artist_41,2.99,0.14,0.23,0.19,38.07
1261,Hip-Hop,Artist_44,4.5,0.17,0.54,0.75,34.68
1262,Jazz,Artist_49,4.1,0.42,0.93,0.56,38.26
1263,Pop,Artist_23,4.17,0.56,0.78,0.66,18.33
1264,Classical,Artist_19,2.12,0.29,0.27,0.18,48.66
1265,Jazz,Artist_36,4.83,0.72,0.16,0.45,41.66
1266,Hip-Hop,Artist_43,2.39,0.4,0.41,0.27,38.15
1267,Electronic,Artist_42,3.58,0.72,0.5,0.23,1.58
1268,Hip-Hop,Artist_5,2.83,0.57,0.77,0.73,27.37
1269,Pop,Artist_24,3.39,0.82,0.27,0.67,100.14
1270,Rock,Artist_28,3.9,0.96,0.77,0.66,3.25
1271,Classical,Artist_32,3.54,0.93,0.24,0.58,13.44
1272,Electronic,Artist_46,2.84,0.34,0.31,0.61,49.74
1273,Rock,Artist_33,4.28,0.41,0.78,0.82,9.46
1274,Rock,Artist_14,2.18,0.16,0.92,0.54,9.36
1275,Jazz,Artist_43,2.14,0.34,0.72,0.45,49.89
1276,Jazz,Artist_11,4.11,0.99,0.32,0.65,47.39
1277,Electronic,Artist_28,4.07,0.2,0.68,0.82,7.85
1278,Hip-Hop,Artist_43,4.72,0.37,0.54,0.08,48.61
1279,Jazz,Artist_38,3.87,0.58,0.19,0.07,14.8
1280,Hip-Hop,Artist_11,4.18,0.25,0.21,0.65,43.02
1281,Pop,Artist_35,4.25,0.96,0.23,0.68,106.79
1282,Electronic,Artist_50,2.09,0.89,0.81,0.32,12.54
1283,Rock,Artist_16,3.22,0.92,0.8,0.3,17.44
1284,Indie,Artist_48,2.21,0.37,0.49,0.22,34.41
1285,Indie,Artist_37,3.12,0.56,0.66,0.63,24.95
1286,Rock,Artist_45,3.82,0.44,0.23,0.24,39.27
1287,Jazz,Artist_38,4.84,0.18,0.73,0.04,5.5
1288,Classical,Artist_24,4.55,0.58,0.56,0.52,9.19
1289,Hip-Hop,Artist_32,2.09,0.33,0.68,0.14,39.66
1290,Hip-Hop,Artist_28,2.75,0.94,0.79,0.16,107.67
1291,Rock,Artist_18,4.45,0.15,0.82,0.13,28.05
1292,Indie,Artist_10,2.43,0.22,0.66,0.42,20.46
1293,Hip-Hop,Artist_29,2.28,0.93,0.97,0.09,31.64
1294,Jazz,Artist_42,4.9,0.35,0.39,0.18,44.57
1295,Pop,Artist_20,4.77,0.52,0.81,0.2,21.95
1296,Pop,Artist_11,2.72,0.68,0.61,0.48,4.93
1297,Classical,Artist_13,2.57,0.68,0.65,0.55,26.88
1298,Jazz,Artist_1,3.27,0.14,0.77,0.24,2.6
1299,Rock,Artist_32,2.62,0.97,0.88,0.05,12.96
1300,Indie,Artist_29,4.59,0.51,0.27,0.73,29.92
1301,Hip-Hop,Artist_23,4.38,0.74,0.27,0.52,143.33
1302,Pop,Artist_19,4.61,0.62,0.89,0.2,27.72
1303,Jazz,Artist_23,3.74,0.39,0.28,0.69,5.89
1304,Pop,Artist_43,2.32,0.25,0.28,0.85,39.02
1305,Hip-Hop,Artist_46,2.08,0.87,0.45,0.07,73.81
1306,Indie,Artist_42,3.23,0.68,0.6,0.78,16.82
1307,Hip-Hop,Artist_12,3.47,0.82,0.25,0.42,46.66
1308,Pop,Artist_19,4.79,0.12,0.61,0.48,21.32
1309,Rock,Artist_16,2.11,0.81,0.2,0.41,25.58
1310,Indie,Artist_4,3.66,0.41,0.52,0.8,44.79
1311,Jazz,Artist_10,4.83,0.93,0.84,0.16,41.85
1312,Classical,Artist_49,3.96,0.89,0.32,0.16,34.91
1313,Pop,Artist_7,3.19,0.84,0.72,0.59,97.32
1314,Jazz,Artist_5,4.63,0.23,0.86,0.41,4.39
1315,Rock,Artist_23,4.13,0.82,0.79,0.37,11.98
1316,Hip-Hop,Artist_41,2.89,0.79,0.59,0.15,102.49
1317,Classical,Artist_23,3.11,0.57,0.27,0.62,3.81
1318,Rock,Artist_33,3.94,0.2,0.34,0.5,35.05
1319,Electronic,Artist_40,2.96,0.93,0.53,0.41,49.94
1320,Jazz,Artist_36,3.71,0.65,0.58,0.68,14.15
1321,Rock,Artist_42,3.35,0.22,0.15,0.51,32.48
1322,Jazz,Artist_16,4.48,0.31,0.72,0.67,14.64
1323,Rock,Artist_9,2.72,0.11,0.87,0.89,42.23
1324,Electronic,Artist_29,2.06,0.59,0.13,0.84,36.93
1325,Rock,Artist_50,4.01,0.41,0.22,0.11,45.21
1326,Jazz,Artist_39,4.41,0.24,0.57,0.15,11.5
1327,Indie,Artist_47,2.58,0.68,0.91,0.14,19.11
1328,Electronic,Artist_22,4.45,0.86,0.93,0.07,7.34
1329,Electronic,Artist_40,4.22,0.89,0.37,0.55,43.76
1330,Hip-Hop,Artist_46,2.54,0.74,0.84,0.1,98.26
1331,Jazz,Artist_31,2.11,0.13,0.78,0.68,15.59
1332,Jazz,Artist_39,3.81,0.31,0.96,0.4,22.38
1333,Hip-Hop,Artist_30,4.46,0.83,0.59,0.2,132.51
1334,Pop,Artist_33,3.22,0.31,0.38,0.04,38.92
1335,Indie,Artist_16,4.22,0.63,0.73,0.87,22.11
1336,Electronic,Artist_49,3.69,0.96,0.35,0.39,27.89
1337,Indie,Artist_37,4.59,0.64,0.16,0.24,33.75
1338,Jazz,Artist_36,3.27,0.68,0.36,0.5,3.96
1339,Electronic,Artist_30,2.19,0.74,0.9,0.75,36.67
1340,Electronic,Artist_38,2.77,0.44,0.63,0.25,19.51
1341,Classical,Artist_24,2.58,0.7,0.84,0.12,53.73
1342,Hip-Hop,Artist_11,2.49,0.41,0.23,0.54,15.0
1343,Pop,Artist_15,2.53,0.69,0.27,0.8,20.09
1344,Pop,Artist_30,3.73,0.53,0.25,0.78,19.89
1345,Rock,Artist_32,4.59,0.71,0.62,0.21,48.54
1346,Jazz,Artist_15,3.81,0.65,0.81,0.47,24.36
1347,Jazz,Artist_14,3.42,0.46,0.92,0.27,12.07
1348,Electronic,Artist_4,4.23,0.29,0.26,0.64,21.57
1349,Classical,Artist_25,4.78,0.26,0.71,0.66,34.18
1350,Pop,Artist_17,2.76,0.29,0.76,0.8,25.71
1351,Pop,Artist_25,4.13,0.17,0.91,0.37,49.14
1352,Jazz,Artist_34,2.32,0.69,0.7,0.27,39.6
1353,Pop,Artist_23,2.24,0.89,0.45,0.16,142.73
1354,Electronic,Artist_31,4.16,0.49,0.6,0.32,27.34
1355,Hip-Hop,Artist_7,4.84,0.53,0.49,0.58,23.63
1356,Pop,Artist_16,2.49,0.4,0.55,0.08,15.88
1357,Rock,Artist_2,4.17,0.32,0.2,0.34,21.33
1358,Jazz,Artist_41,3.38,0.66,0.39,0.84,4.61
1359,Jazz,Artist_50,4.66,0.84,0.62,0.59,15.23
1360,Classical,Artist_2,2.14,0.97,0.82,0.56,47.37
1361,Jazz,Artist_24,3.01,0.13,0.39,0.4,20.48
1362,Indie,Artist_2,2.48,0.35,0.9,0.76,37.62
1363,Electronic,Artist_37,3.47,0.62,0.74,0.47,16.33
1364,Hip-Hop,Artist_6,2.88,0.77,0.16,0.86,32.43
1365,Classical,Artist_5,4.32,0.5,0.78,0.64,28.81
1366,Jazz,Artist_39,4.91,0.76,0.89,0.22,38.27
1367,Indie,Artist_7,2.7,0.17,0.96,0.21,35.71
1368,Pop,Artist_32,4.93,0.75,0.92,0.19,21.99
1369,Pop,Artist_28,4.17,0.59,0.83,0.77,31.79
1370,Electronic,Artist_34,4.92,0.47,0.32,0.81,37.1
1371,Electronic,Artist_12,2.76,0.43,0.69,0.58,24.54
1372,Pop,Artist_30,3.92,0.35,0.57,0.51,5.07
1373,Classical,Artist_9,2.85,0.5,0.72,0.05,34.55
1374,Jazz,Artist_10,4.42,0.63,0.87,0.08,27.76
1375,Rock,Artist_32,2.45,0.91,0.78,0.33,27.55
1376,Pop,Artist_40,3.09,0.47,0.63,0.12,42.53
1377,Indie,Artist_47,4.58,0.67,0.87,0.61,23.23
1378,Hip-Hop,Artist_39,4.45,0.19,0.44,0.58,19.64
1379,Indie,Artist_30,4.47,0.63,0.46,0.21,26.4
1380,Indie,Artist_20,3.0,0.78,0.46,0.27,1.27
1381,Jazz,Artist_11,2.72,0.79,0.95,0.5,18.77
1382,Indie,Artist_16,4.32,0.13,0.89,0.5,3.62
1383,Jazz,Artist_18,2.51,0.29,0.81,0.54,54.13
1384,Jazz,Artist_34,4.94,0.33,0.96,0.37,54.31
1385,Pop,Artist_19,3.24,0.74,0.63,0.37,35.05
1386,Rock,Artist_29,2.08,0.53,0.41,0.07,11.1
1387,Classical,Artist_14,2.14,0.38,0.99,0.61,17.19
1388,Hip-Hop,Artist_46,3.21,0.63,0.81,0.62,57.2
1389,Classical,Artist_33,3.77,0.71,0.78,0.53,16.17
1390,Electronic,Artist_35,3.44,0.44,0.81,0.57,27.43
1391,Classical,Artist_23,4.91,0.67,0.67,0.25,29.41
1392,Indie,Artist_7,2.13,0.29,0.41,0.19,30.57
1393,Jazz,Artist_22,4.62,0.91,0.78,0.48,29.06
1394,Hip-Hop,Artist_13,4.99,0.36,0.29,0.8,38.44
1395,Jazz,Artist_49,2.79,0.15,0.32,0.55,29.73
1396,Jazz,Artist_20,4.14,0.85,0.23,0.35,48.36
1397,Indie,Artist_49,2.25,0.76,0.6,0.51,9.14
1398,Jazz,Artist_48,4.83,0.9,0.89,0.37,7.18
1399,Hip-Hop,Artist_45,3.27,0.18,0.43,0.35,30.9
1400,Pop,Artist_3,2.59,0.54,0.87,0.27,28.52
1401,Jazz,Artist_17,4.42,0.69,0.85,0.32,38.17
1402,Classical,Artist_47,3.46,0.85,0.58,0.35,24.06
1403,Classical,Artist_27,2.59,0.46,0.19,0.09,6.69
1404,Pop,Artist_24,4.27,0.68,0.8,0.55,34.07
1405,Classical,Artist_23,4.77,0.34,0.58,0.11,32.37
1406,Hip-Hop,Artist_20,2.69,0.9,0.52,0.14,81.53
1407,Indie,Artist_13,2.55,0.92,0.29,0.17,8.99
1408,Classical,Artist_17,3.06,0.29,0.45,0.57,19.81
1409,Jazz,Artist_49,4.2,0.16,0.38,0.5,23.08
1410,Pop,Artist_31,3.09,0.9,0.59,0.35,176.04
1411,Hip-Hop,Artist_24,4.55,0.74,0.63,0.02,175.71
1412,Jazz,Artist_46,3.64,0.57,0.18,0.66,6.31
1413,Rock,Artist_12,2.43,0.97,0.32,0.74,25.98
1414,Electronic,Artist_5,2.67,0.16,0.58,0.53,28.19
1415,Hip-Hop,Artist_50,4.93,0.94,0.26,0.55,16.34
1416,Pop,Artist_6,4.19,0.73,0.28,0.76,154.89
1417,Pop,Artist_3,3.49,0.93,0.91,0.84,22.75
1418,Classical,Artist_42,4.29,0.44,0.96,0.46,34.51
1419,Pop,Artist_34,4.93,0.78,0.45,0.83,15.39
1420,Hip-Hop,Artist_8,2.88,0.47,0.31,0.32,24.48
1421,Jazz,Artist_41,3.03,0.23,0.67,0.62,38.43
1422,Jazz,Artist_22,2.14,0.35,0.48,0.5,39.68
1423,Electronic,Artist_21,2.17,0.66,0.79,0.31,12.28
1424,Jazz,Artist_38,4.1,0.62,0.6,0.62,23.46
1425,Electronic,Artist_37,4.81,0.61,0.35,0.38,22.79
1426,Classical,Artist_18,3.44,0.56,0.2,0.88,5.77
1427,Pop,Artist_12,3.73,0.53,0.49,0.59,15.32
1428,Hip-Hop,Artist_6,2.58,0.33,0.84,0.71,30.31
1429,Electronic,Artist_46,4.07,0.47,0.91,0.64,36.91
1430,Jazz,Artist_25,5.0,0.87,0.38,0.4,13.36
1431,Electronic,Artist_42,3.44,0.78,0.25,0.35,13.65
1432,Indie,Artist_24,2.88,0.89,0.89,0.35,59.34
1433,Pop,Artist_7,4.57,0.36,0.5,0.62,26.28
1434,Rock,Artist_47,2.31,0.27,0.84,0.36,54.13
1435,Rock,Artist_29,4.78,0.22,0.77,0.79,33.05
1436,Indie,Artist_35,3.12,0.5,0.8,0.16,10.4
1437,Pop,Artist_38,3.97,0.66,0.99,0.31,40.24
1438,Rock,Artist_12,2.74,0.38,0.25,0.16,46.04
1439,Hip-Hop,Artist_6,4.14,0.48,0.62,0.11,8.17
1440,Classical,Artist_40,3.33,0.34,0.3,0.48,19.96
1441,Classical,Artist_29,2.06,0.45,0.18,0.22,43.49
1442,Classical,Artist_14,3.13,0.24,0.48,0.68,26.33
1443,Indie,Artist_23,3.47,0.85,0.5,0.62,40.52
1444,Rock,Artist_8,4.78,0.89,0.24,0.13,24.31
1445,Electronic,Artist_46,3.43,0.46,0.39,0.48,49.12
1446,Jazz,Artist_27,4.85,0.6,0.91,0.48,5.57
1447,Hip-Hop,Artist_5,4.79,0.21,0.42,0.49,12.52
1448,Hip-Hop,Artist_36,4.21,0.24,0.16,0.85,16.02
1449,Indie,Artist_30,4.87,0.22,0.38,0.35,41.87
1450,Hip-Hop,Artist_4,3.95,0.73,0.5,0.88,117.48
1451,Indie,Artist_40,4.9,0.28,0.83,0.79,58.47
1452,Rock,Artist_11,4.73,0.84,0.51,0.78,29.89
1453,Electronic,Artist_35,4.22,0.93,0.27,0.25,38.18
1454,Hip-Hop,Artist_10,4.86,0.95,0.21,0.55,70.84
1455,Pop,Artist_43,2.27,0.68,0.56,0.5,33.95
1456,Rock,Artist_19,3.08,0.61,0.29,0.1,13.27
1457,Hip-Hop,Artist_35,3.58,0.92,0.53,0.11,39.1
1458,Rock,Artist_27,3.87,0.24,0.29,0.24,24.86
1459,Pop,Artist_44,4.44,0.88,0.24,0.47,110.54
1460,Indie,Artist_50,4.83,0.55,0.91,0.41,19.43
1461,Classical,Artist_21,3.28,0.78,0.9,0.08,19.99
1462,Rock,Artist_8,3.22,0.43,0.45,0.38,48.6
1463,Electronic,Artist_31,3.77,0.37,0.13,0.71,9.08
1464,Pop,Artist_22,2.04,0.52,0.54,0.9,24.95
1465,Classical,Artist_47,4.1,0.34,0.19,0.13,17.71
1466,Hip-Hop,Artist_41,4.94,0.41,0.41,0.07,41.47
1467,Classical,Artist_27,4.7,0.28,0.63,0.62,31.93
1468,Pop,Artist_31,2.01,0.54,0.14,0.08,42.33
1469,Rock,Artist_33,3.8,0.61,0.94,0.3,12.48
1470,Pop,Artist_20,4.37,0.54,0.33,0.25,19.61
1471,Hip-Hop,Artist_43,4.42,0.82,0.88,0.39,62.71
1472,Rock,Artist_15,3.75,0.6,0.94,0.82,42.49
1473,Hip-Hop,Artist_43,2.15,0.22,0.53,0.54,41.61
1474,Electronic,Artist_6,2.46,0.98,0.79,0.24,29.12
1475,Indie,Artist_9,3.01,0.74,0.86,0.49,15.55
1476,Rock,Artist_40,3.2,0.18,0.8,0.4,8.37
1477,Rock,Artist_2,2.18,0.92,0.24,0.58,37.89
1478,Hip-Hop,Artist_15,3.52,0.27,0.59,0.31,10.48
1479,Electronic,Artist_10,2.36,0.46,0.59,0.69,9.59
1480,Classical,Artist_38,2.98,0.9,0.89,0.02,19.75
1481,Electronic,Artist_39,4.91,0.43,0.18,0.36,36.53
1482,Rock,Artist_37,4.95,0.94,0.88,0.57,20.74
1483,Hip-Hop,Artist_49,2.63,0.54,0.98,0.51,34.98
1484,Indie,Artist_44,4.06,0.32,0.14,0.28,40.36
1485,Hip-Hop,Artist_13,4.22,0.32,0.16,0.21,49.24
1486,Electronic,Artist_12,4.88,0.71,0.66,0.25,36.75
1487,Pop,Artist_5,3.8,0.29,0.76,0.28,17.68
1488,Classical,Artist_36,2.76,0.74,0.9,0.01,38.27
1489,Jazz,Artist_20,4.42,0.52,0.52,0.56,39.69
1490,Rock,Artist_20,4.79,0.8,0.99,0.23,11.32
1491,Indie,Artist_28,4.96,0.96,0.46,0.11,43.1
1492,Jazz,Artist_14,3.76,0.76,0.79,0.27,6.55
1493,Indie,Artist_14,2.91,0.93,0.31,0.8,1.09
1494,Hip-Hop,Artist_12,3.4,0.99,0.84,0.3,101.3
1495,Classical,Artist_6,3.5,0.26,0.72,0.28,31.97
1496,Hip-Hop,Artist_16,3.41,0.89,0.47,0.66,22.48
1497,Rock,Artist_18,4.62,0.73,0.91,0.41,56.93
1498,Rock,Artist_42,2.15,0.3,0.6,0.9,15.33
1499,Indie,Artist_1,4.43,0.39,0.67,0.46,28.13
1500,Jazz,Artist_49,3.16,0.13,0.29,0.05,19.83
1501,Rock,Artist_38,2.57,0.33,0.59,0.83,7.87
1502,Jazz,Artist_31,2.55,0.92,0.41,0.34,44.14
1503,Indie,Artist_37,4.88,0.13,0.63,0.73,5.94
1504,Electronic,Artist_23,3.59,0.43,0.35,0.4,20.97
1505,Hip-Hop,Artist_27,4.72,0.71,0.48,0.86,174.86
1506,Rock,Artist_26,4.94,0.73,0.18,0.16,23.4
1507,Electronic,Artist_39,2.39,0.15,0.39,0.1,21.02
1508,Electronic,Artist_42,4.0,0.61,0.27,0.76,37.62
1509,Hip-Hop,Artist_42,2.23,0.55,0.52,0.03,14.44
1510,Indie,Artist_21,2.26,0.74,0.11,0.36,3.51
1511,Jazz,Artist_11,2.02,0.81,0.3,0.22,15.14
1512,Indie,Artist_8,4.71,0.64,0.34,0.74,25.37
1513,Classical,Artist_17,2.5,0.69,0.18,0.63,43.64
1514,Classical,Artist_7,3.82,0.92,0.36,0.06,27.67
1515,Jazz,Artist_42,3.6,0.5,0.8,0.77,3.49
1516,Rock,Artist_31,3.22,0.19,0.95,0.78,58.27
1517,Hip-Hop,Artist_40,2.44,0.25,0.53,0.82,42.96
1518,Indie,Artist_22,3.37,0.15,0.74,0.13,1.56
1519,Indie,Artist_29,4.17,0.64,0.3,0.49,2.52
1520,Classical,Artist_25,3.03,0.99,0.69,0.34,27.61
1521,Jazz,Artist_47,3.35,0.25,0.78,0.09,47.12
1522,Electronic,Artist_46,3.28,0.4,0.94,0.48,52.71
1523,Classical,Artist_33,2.3,0.16,0.48,0.85,48.87
1524,Indie,Artist_39,2.66,0.97,0.75,0.84,25.21
1525,Electronic,Artist_15,2.77,0.69,0.91,0.57,50.28
1526,Electronic,Artist_35,3.01,0.83,0.89,0.22,1.32
1527,Classical,Artist_30,2.0,0.55,0.13,0.6,37.69
1528,Classical,Artist_29,4.8,0.32,0.44,0.78,4.68
1529,Electronic,Artist_5,2.78,0.11,0.29,0.76,11.92
1530,Jazz,Artist_32,4.43,0.37,0.7,0.73,21.77
1531,Electronic,Artist_33,3.66,0.91,0.79,0.6,38.97
1532,Indie,Artist_7,3.55,0.85,0.96,0.14,39.67
1533,Rock,Artist_24,2.91,0.3,0.79,0.69,4.0
1534,Electronic,Artist_12,3.05,0.26,0.28,0.23,5.97
1535,Rock,Artist_11,4.89,0.53,0.59,0.76,30.87
1536,Indie,Artist_22,4.74,0.13,0.37,0.49,2.18
1537,Pop,Artist_12,2.91,0.57,0.21,0.3,34.43
1538,Classical,Artist_22,3.01,0.63,0.38,0.85,33.0
1539,Jazz,Artist_6,4.25,0.23,0.68,0.74,49.14
1540,Classical,Artist_20,3.83,0.87,0.58,0.38,29.21
1541,Indie,Artist_48,3.76,0.42,0.71,0.72,10.05
1542,Electronic,Artist_12,3.65,0.12,0.76,0.74,2.34
1543,Indie,Artist_25,4.41,0.3,0.24,0.86,18.04
1544,Indie,Artist_27,3.99,0.29,0.85,0.32,11.11
1545,Hip-Hop,Artist_49,4.94,0.86,0.25,0.55,15.75
1546,Hip-Hop,Artist_25,3.01,0.13,0.69,0.62,8.98
1547,Electronic,Artist_33,2.47,0.64,0.69,0.89,32.45
1548,Pop,Artist_18,3.82,0.34,0.87,0.3,34.64
1549,Jazz,Artist_44,2.92,0.5,0.45,0.77,3.27
1550,Hip-Hop,Artist_24,4.75,0.63,0.79,0.76,31.37
1551,Electronic,Artist_20,4.95,0.15,0.38,0.44,18.61
1552,Electronic,Artist_23,2.41,0.64,0.31,0.61,26.95
1553,Classical,Artist_34,4.04,0.51,0.47,0.62,3.16
1554,Jazz,Artist_2,4.38,0.49,0.78,0.59,43.14
1555,Jazz,Artist_8,3.19,1.0,0.38,0.85,3.9
1556,Rock,Artist_5,4.99,0.54,0.14,0.53,25.2
1557,Jazz,Artist_45,2.43,0.78,0.33,0.72,18.6
1558,Rock,Artist_32,4.5,0.29,0.38,0.35,9.24
1559,Indie,Artist_44,4.95,0.34,0.74,0.48,41.9
1560,Hip-Hop,Artist_9,4.05,0.58,0.91,0.52,20.04
1561,Classical,Artist_7,2.22,0.84,0.24,0.56,4.97
1562,Electronic,Artist_47,2.74,0.78,0.67,0.1,34.71
1563,Hip-Hop,Artist_3,3.38,0.42,0.71,0.18,21.48
1564,Electronic,Artist_39,3.44,0.82,0.45,0.12,26.05
1565,Rock,Artist_23,2.6,0.77,0.54,0.55,3.45
1566,Classical,Artist_48,4.75,0.11,0.92,0.3,19.31
1567,Hip-Hop,Artist_12,3.59,0.25,0.41,0.37,49.0
1568,Hip-Hop,Artist_46,4.32,0.13,0.11,0.65,35.73
1569,Jazz,Artist_12,3.24,0.23,0.67,0.84,14.05
1570,Indie,Artist_14,2.58,0.82,0.63,0.64,25.18
1571,Hip-Hop,Artist_43,2.24,0.41,0.28,0.4,29.6
1572,Electronic,Artist_38,3.08,0.43,0.22,0.57,27.72
1573,Indie,Artist_1,4.51,0.3,0.56,0.38,46.59
1574,Electronic,Artist_25,4.29,0.54,0.78,0.26,9.68
1575,Rock,Artist_16,3.53,0.39,0.92,0.6,28.06
1576,Indie,Artist_31,4.83,0.26,0.26,0.07,20.77
1577,Electronic,Artist_30,3.21,0.21,0.65,0.61,48.98
1578,Classical,Artist_31,3.69,0.42,0.8,0.22,23.75
1579,Indie,Artist_15,2.47,0.2,0.69,0.03,2.13
1580,Electronic,Artist_5,2.37,0.22,0.75,0.22,36.92
1581,Jazz,Artist_2,2.75,0.38,0.77,0.17,14.69
1582,Pop,Artist_18,3.52,0.96,0.12,0.42,90.67
1583,Classical,Artist_3,4.21,0.77,0.94,0.46,34.12
1584,Indie,Artist_15,3.5,0.85,0.75,0.47,9.4
1585,Pop,Artist_12,3.2,0.18,0.37,0.25,39.75
1586,Classical,Artist_45,4.72,0.71,0.94,0.58,39.14
1587,Pop,Artist_9,4.76,0.25,0.38,0.64,38.33
1588,Pop,Artist_37,4.86,0.43,0.76,0.03,14.91
1589,Electronic,Artist_18,2.13,0.71,0.24,0.54,26.09
1590,Rock,Artist_47,2.97,0.33,0.96,0.17,6.82
1591,Rock,Artist_5,3.25,0.36,0.78,0.65,38.55
1592,Jazz,Artist_45,3.24,0.72,0.87,0.32,9.23
1593,Electronic,Artist_7,3.65,0.46,0.97,0.19,10.71
1594,Rock,Artist_31,3.36,0.17,0.15,0.69,6.06
1595,Pop,Artist_35,4.35,0.81,0.1,0.28,82.3
1596,Classical,Artist_42,2.39,0.55,0.88,0.63,23.89
1597,Jazz,Artist_5,4.41,0.6,0.53,0.66,23.73
1598,Electronic,Artist_47,4.51,0.88,0.33,0.69,13.95
1599,Rock,Artist_40,2.48,0.91,0.43,0.77,38.36
1600,Jazz,Artist_22,2.68,0.7,0.39,0.52,23.55
1601,Jazz,Artist_1,2.13,0.31,0.28,0.26,33.58
1602,Classical,Artist_46,4.09,0.85,0.27,0.65,6.56
1603,Rock,Artist_12,4.79,0.58,0.72,0.66,34.15
1604,Hip-Hop,Artist_36,2.21,0.49,0.88,0.51,46.04
1605,Rock,Artist_40,4.13,1.0,0.72,0.5,23.04
1606,Jazz,Artist_10,4.75,0.78,0.77,0.45,29.43
1607,Electronic,Artist_3,4.31,0.66,0.94,0.77,56.12
1608,Jazz,Artist_28,2.13,0.77,0.22,0.61,30.7
1609,Indie,Artist_35,3.95,0.7,0.2,0.2,28.11
1610,Hip-Hop,Artist_30,3.75,0.8,0.61,0.32,158.3
1611,Jazz,Artist_22,4.82,0.86,0.34,0.17,29.45
1612,Electronic,Artist_26,2.64,0.73,0.88,0.02,56.89
1613,Hip-Hop,Artist_47,3.35,0.51,0.8,0.24,49.46
1614,Jazz,Artist_36,3.42,0.95,0.88,0.72,4.58
1615,Electronic,Artist_38,3.78,0.71,0.31,0.6,23.17
1616,Jazz,Artist_36,3.81,0.44,0.49,0.15,34.55
1617,Hip-Hop,Artist_19,3.18,0.35,0.23,0.31,32.45
1618,Hip-Hop,Artist_10,3.69,0.25,0.77,0.62,10.5
1619,Classical,Artist_37,2.59,0.21,0.87,0.26,54.74
1620,Electronic,Artist_25,3.56,0.24,0.7,0.35,8.55
1621,Jazz,Artist_43,3.89,0.32,0.41,0.14,37.61
1622,Hip-Hop,Artist_2,2.04,0.7,0.96,0.32,10.57
1623,Pop,Artist_24,2.67,0.75,0.69,0.17,51.91
1624,Hip-Hop,Artist_23,3.06,0.43,0.64,0.36,26.25
1625,Indie,Artist_21,4.87,0.3,0.49,0.72,32.12
1626,Classical,Artist_44,4.29,0.7,0.54,0.89,8.81
1627,Rock,Artist_46,3.51,0.76,0.33,0.3,39.59
1628,Hip-Hop,Artist_37,3.58,0.63,0.48,0.62,6.99
1629,Indie,Artist_15,2.97,0.29,0.76,0.15,16.63
1630,Electronic,Artist_38,4.83,0.24,0.8,0.56,40.33
1631,Hip-Hop,Artist_26,3.36,0.9,0.18,0.53,139.5
1632,Indie,Artist_22,4.44,0.98,0.69,0.48,46.03
1633,Rock,Artist_13,2.05,0.24,0.71,0.73,25.14
1634,Rock,Artist_20,3.61,0.41,0.46,0.01,30.8
1635,Jazz,Artist_47,3.77,0.23,0.84,0.04,18.43
1636,Pop,Artist_28,2.1,0.37,0.96,0.23,13.32
1637,Pop,Artist_17,2.32,0.4,0.68,0.07,36.03
1638,Indie,Artist_15,2.55,0.58,0.53,0.73,47.8
1639,Hip-Hop,Artist_7,2.18,0.56,0.72,0.83,18.91
1640,Jazz,Artist_11,4.37,0.49,0.39,0.64,3.65
1641,Indie,Artist_24,4.72,0.21,0.56,0.25,39.47
1642,Hip-Hop,Artist_14,3.74,0.29,0.13,0.9,28.29
1643,Jazz,Artist_30,4.13,0.91,0.24,0.61,46.24
1644,Pop,Artist_21,4.52,0.38,0.3,0.42,9.65
1645,Electronic,Artist_9,4.56,0.67,0.97,0.63,43.05
1646,Rock,Artist_42,3.87,0.35,0.37,0.64,22.43
1647,Rock,Artist_23,3.66,0.53,0.65,0.06,12.03
1648,Classical,Artist_23,3.9,0.22,0.81,0.72,13.04
1649,Electronic,Artist_43,3.96,0.98,0.62,0.62,41.06
1650,Electronic,Artist_23,2.7,0.37,0.83,0.73,46.04
1651,Indie,Artist_25,2.99,0.97,0.67,0.69,24.54
1652,Pop,Artist_8,4.71,0.6,0.41,0.36,15.04
1653,Electronic,Artist_48,2.6,0.38,0.44,0.61,48.94
1654,Indie,Artist_1,4.32,0.13,0.64,0.66,13.46
1655,Classical,Artist_1,2.6,0.96,0.12,0.65,17.5
1656,Electronic,Artist_50,4.48,0.72,0.85,0.9,39.38
1657,Hip-Hop,Artist_13,4.81,0.42,0.86,0.32,25.81
1658,Hip-Hop,Artist_19,4.87,0.55,0.62,0.24,28.18
1659,Hip-Hop,Artist_42,2.8,0.85,0.69,0.59,28.64
1660,Electronic,Artist_6,4.84,0.14,0.96,0.49,32.99
1661,Hip-Hop,Artist_31,3.44,0.99,0.49,0.3,7.81
1662,Jazz,Artist_30,4.96,0.82,0.36,0.14,47.43
1663,Jazz,Artist_8,4.67,0.66,0.41,0.89,33.68
1664,Pop,Artist_49,2.94,0.53,0.15,0.03,38.97
1665,Classical,Artist_29,3.76,0.31,0.44,0.38,21.25
1666,Hip-Hop,Artist_41,4.7,0.83,0.12,0.63,84.05
1667,Jazz,Artist_17,3.6,0.24,0.22,0.01,3.42
1668,Pop,Artist_31,2.98,0.43,0.61,0.03,37.69
1669,Indie,Artist_18,2.66,0.23,0.41,0.19,39.68
1670,Classical,Artist_5,4.05,0.38,0.37,0.61,39.42
1671,Jazz,Artist_31,3.39,0.12,0.47,0.68,11.57
1672,Hip-Hop,Artist_15,4.36,0.4,0.51,0.71,4.03
1673,Hip-Hop,Artist_40,3.72,0.23,0.72,0.34,37.06
1674,Rock,Artist_12,2.97,0.5,0.67,0.1,24.95
1675,Electronic,Artist_21,3.76,0.66,0.98,0.72,45.23
1676,Rock,Artist_2,3.18,0.42,0.45,0.05,26.97
1677,Jazz,Artist_38,3.4,0.36,0.39,0.65,23.82
1678,Pop,Artist_25,2.81,0.34,0.37,0.32,42.56
1679,Rock,Artist_45,3.7,0.3,0.68,0.24,25.39
1680,Electronic,Artist_9,3.73,0.3,0.62,0.21,4.13
1681,Indie,Artist_48,2.24,0.68,0.47,0.25,9.24
1682,Electronic,Artist_19,3.37,0.48,0.94,0.6,35.28
1683,Hip-Hop,Artist_50,2.09,0.59,1.0,0.17,55.22
1684,Indie,Artist_7,3.25,0.21,0.4,0.09,10.47
1685,Jazz,Artist_21,3.66,0.1,0.63,0.62,47.82
1686,Indie,Artist_29,2.28,0.1,0.68,0.34,48.49
1687,Hip-Hop,Artist_26,2.24,0.77,0.73,0.72,30.42
1688,Classical,Artist_46,2.05,0.11,0.39,0.12,47.68
1689,Rock,Artist_21,2.62,0.57,0.52,0.77,8.54
1690,Indie,Artist_34,4.6,0.24,0.8,0.32,17.03
1691,Indie,Artist_34,4.16,0.84,0.17,0.31,48.19
1692,Indie,Artist_29,3.76,0.55,0.13,0.28,22.54
1693,Classical,Artist_36,4.61,0.34,0.61,0.54,22.3
1694,Rock,Artist_27,3.51,0.23,0.68,0.1,35.92
1695,Rock,Artist_34,3.09,0.18,0.95,0.71,41.24
1696,Hip-Hop,Artist_4,2.93,0.68,0.22,0.23,15.23
1697,Hip-Hop,Artist_31,4.18,0.38,0.25,0.15,48.21
1698,Indie,Artist_34,3.8,0.94,0.45,0.83,39.03
1699,Hip-Hop,Artist_3,2.16,0.34,0.58,0.44,33.71
1700,Rock,Artist_49,2.67,0.45,0.43,0.4,29.16
1701,Electronic,Artist_40,2.57,0.84,0.48,0.32,1.41
1702,Hip-Hop,Artist_40,3.28,0.12,0.2,0.58,19.83
1703,Jazz,Artist_35,4.3,0.64,0.99,0.62,4.67
1704,Classical,Artist_22,4.02,0.21,0.38,0.06,7.97
1705,Electronic,Artist_15,3.09,0.25,0.18,0.37,42.63
1706,Indie,Artist_47,2.25,0.69,0.96,0.36,33.08
1707,Classical,Artist_22,3.98,0.3,0.51,0.15,17.16
1708,Hip-Hop,Artist_12,2.66,0.26,0.37,0.68,43.09
1709,Rock,Artist_42,4.9,0.45,0.73,0.04,31.04
1710,Hip-Hop,Artist_7,4.18,0.83,0.25,0.49,203.1
1711,Jazz,Artist_7,2.5,0.66,0.56,0.11,8.96
1712,Rock,Artist_30,2.1,0.94,0.29,0.04,44.53
1713,Hip-Hop,Artist_19,4.02,0.73,0.44,0.59,122.7
1714,Indie,Artist_16,3.14,0.33,0.85,0.89,48.7
1715,Classical,Artist_37,2.01,0.98,0.38,0.82,25.97
1716,Indie,Artist_31,3.03,0.96,0.15,0.29,27.04
1717,Electronic,Artist_47,2.73,0.38,0.29,0.36,5.17
1718,Jazz,Artist_4,3.73,0.13,0.86,0.14,22.1
1719,Pop,Artist_14,3.59,0.12,0.63,0.51,24.83
1720,Indie,Artist_43,3.61,0.11,0.17,0.47,33.4
1721,Pop,Artist_41,4.32,1.0,0.52,0.27,223.69
1722,Pop,Artist_22,3.69,0.66,0.14,0.56,25.13
1723,Jazz,Artist_33,4.42,0.38,0.73,0.85,9.45
1724,Hip-Hop,Artist_49,3.7,0.12,0.56,0.56,10.57
1725,Rock,Artist_24,2.54,0.36,0.33,0.31,41.72
1726,Classical,Artist_14,2.08,0.53,0.51,0.89,32.25
1727,Indie,Artist_3,3.69,0.87,0.76,0.09,33.85
1728,Jazz,Artist_49,4.78,0.52,0.92,0.13,16.78
1729,Jazz,Artist_34,3.21,0.68,0.41,0.67,16.68
1730,Classical,Artist_48,2.8,0.57,0.49,0.37,25.87
1731,Pop,Artist_33,3.79,0.49,0.11,0.86,10.81
1732,Classical,Artist_3,2.85,0.68,0.42,0.14,22.98
1733,Classical,Artist_47,2.1,0.15,0.61,0.72,3.57
1734,Indie,Artist_38,4.79,0.98,0.63,0.35,23.83
1735,Rock,Artist_30,2.07,0.89,0.69,0.86,24.56
1736,Electronic,Artist_36,4.83,0.55,0.14,0.47,4.18
1737,Hip-Hop,Artist_16,3.93,0.93,0.2,0.4,18.35
1738,Jazz,Artist_6,4.09,0.25,0.46,0.14,40.11
1739,Rock,Artist_11,2.48,0.46,0.23,0.35,24.39
1740,Classical,Artist_22,3.39,0.18,0.66,0.69,29.31
1741,Indie,Artist_20,4.36,0.11,0.27,0.19,40.85
1742,Pop,Artist_41,4.67,0.61,0.28,0.46,12.82
1743,Hip-Hop,Artist_41,2.33,0.41,0.25,0.37,48.16
1744,Pop,Artist_28,2.97,1.0,0.34,0.16,32.9
1745,Jazz,Artist_33,3.72,0.8,0.8,0.69,1.36
1746,Jazz,Artist_27,3.68,0.65,0.46,0.71,1.22
1747,Jazz,Artist_8,2.61,0.37,0.23,0.45,15.82
1748,Hip-Hop,Artist_29,2.18,0.2,0.55,0.59,15.73
1749,Indie,Artist_16,4.55,0.71,0.98,0.65,14.07
1750,Indie,Artist_35,4.87,0.47,0.75,0.41,5.42
1751,Indie,Artist_21,3.25,0.22,0.94,0.27,46.57
1752,Jazz,Artist_47,4.87,0.82,0.15,0.75,37.63
1753,Pop,Artist_17,2.53,0.79,0.67,0.13,28.77
1754,Rock,Artist_21,3.0,0.63,0.92,0.08,54.56
1755,Indie,Artist_31,2.9,0.54,0.95,0.01,15.62
1756,Rock,Artist_34,3.87,0.43,0.46,0.14,3.69
1757,Hip-Hop,Artist_47,4.07,0.55,0.65,0.5,4.93
1758,Rock,Artist_46,3.38,0.71,0.94,0.07,30.55
1759,Indie,Artist_6,2.66,0.95,0.6,0.24,16.81
1760,Electronic,Artist_14,3.46,0.6,0.1,0.06,21.23
1761,Jazz,Artist_38,2.7,0.12,0.19,0.69,28.65
1762,Classical,Artist_3,4.6,0.85,0.35,0.78,13.47
1763,Pop,Artist_19,2.02,0.34,0.49,0.65,37.07
1764,Classical,Artist_27,4.17,0.98,0.81,0.46,59.34
1765,Electronic,Artist_21,2.58,0.91,0.79,0.62,40.45
1766,Classical,Artist_46,2.17,0.38,0.57,0.84,26.12
1767,Jazz,Artist_19,2.23,0.6,0.39,0.29,5.85
1768,Hip-Hop,Artist_23,3.37,0.72,0.89,0.81,9.71
1769,Pop,Artist_45,5.0,0.24,0.51,0.1,11.53
1770,Hip-Hop,Artist_17,2.89,0.98,0.17,0.64,10.33
1771,Indie,Artist_38,4.64,0.46,0.56,0.76,15.42
1772,Jazz,Artist_18,2.8,0.37,0.2,0.27,16.15
1773,Hip-Hop,Artist_41,4.25,0.15,0.63,0.74,49.18
1774,Jazz,Artist_28,3.98,0.85,0.57,0.38,16.16
1775,Electronic,Artist_5,2.01,0.43,0.61,0.79,25.56
1776,Indie,Artist_33,2.21,0.45,0.18,0.39,29.09
1777,Jazz,Artist_48,4.47,0.36,0.85,0.69,34.11
1778,Indie,Artist_25,3.72,0.97,0.16,0.82,22.09
1779,Rock,Artist_47,3.5,0.98,0.93,0.89,6.28
1780,Indie,Artist_4,4.95,0.17,0.27,0.85,18.03
1781,Hip-Hop,Artist_23,2.86,0.93,0.89,0.44,44.33
1782,Classical,Artist_41,4.29,0.77,0.76,0.51,32.51
1783,Pop,Artist_29,2.98,0.21,0.26,0.2,11.82
1784,Classical,Artist_4,2.46,0.25,0.52,0.31,37.99
1785,Electronic,Artist_37,2.2,0.86,0.15,0.63,22.51
1786,Classical,Artist_28,3.84,0.22,0.45,0.52,37.32
1787,Electronic,Artist_1,4.43,0.76,0.42,0.62,29.12
1788,Indie,Artist_32,4.53,0.22,0.48,0.26,22.74
1789,Rock,Artist_40,2.47,0.84,0.28,0.82,22.15
1790,Rock,Artist_16,2.02,0.48,0.56,0.71,47.9
1791,Rock,Artist_38,4.3,0.6,0.4,0.16,43.66
1792,Jazz,Artist_39,3.78,0.13,0.71,0.23,27.47
1793,Classical,Artist_8,3.83,0.73,0.15,0.38,17.06
1794,Electronic,Artist_17,3.29,0.48,0.83,0.17,46.67
1795,Indie,Artist_16,2.92,0.73,0.52,0.88,34.79
1796,Indie,Artist_33,4.48,0.82,0.45,0.85,27.04
1797,Rock,Artist_29,3.64,0.44,0.46,0.7,21.91
1798,Electronic,Artist_6,3.09,0.18,0.77,0.2,5.46
1799,Hip-Hop,Artist_6,3.01,0.23,0.8,0.46,14.03
1800,Electronic,Artist_26,4.97,0.82,0.36,0.88,1.14
1801,Classical,Artist_21,3.61,0.21,0.9,0.63,35.72
1802,Rock,Artist_27,2.25,0.54,0.83,0.53,47.55
1803,Jazz,Artist_14,5.0,0.71,0.17,0.21,28.63
1804,Indie,Artist_46,3.62,0.78,0.17,0.79,23.63
1805,Classical,Artist_37,4.0,0.31,0.71,0.66,36.08
1806,Hip-Hop,Artist_1,2.57,0.48,0.83,0.53,50.42
1807,Jazz,Artist_46,2.29,0.91,0.75,0.43,2.55
1808,Rock,Artist_29,3.44,0.19,0.87,0.04,59.53
1809,Classical,Artist_4,4.21,0.54,0.86,0.82,45.56
1810,Indie,Artist_5,2.97,0.8,0.92,0.75,23.45
1811,Indie,Artist_30,4.31,0.47,0.37,0.34,27.34
1812,Electronic,Artist_33,2.23,0.48,0.8,0.79,8.29
1813,Rock,Artist_48,4.93,0.54,0.36,0.6,14.24
1814,Electronic,Artist_10,2.27,0.94,0.67,0.89,40.06
1815,Rock,Artist_14,4.42,0.89,0.65,0.68,25.21
1816,Rock,Artist_4,2.24,0.71,0.66,0.52,36.46
1817,Indie,Artist_50,3.99,0.24,0.4,0.72,7.14
1818,Classical,Artist_15,2.73,0.32,0.23,0.39,26.73
1819,Classical,Artist_30,4.69,0.85,0.51,0.31,33.13
1820,Jazz,Artist_43,4.11,0.49,0.92,0.48,9.94
1821,Rock,Artist_16,2.69,0.58,0.59,0.54,44.4
1822,Classical,Artist_35,3.27,0.62,0.86,0.76,58.62
1823,Electronic,Artist_40,2.48,0.31,0.45,0.35,34.79
1824,Pop,Artist_29,3.2,0.53,0.48,0.41,32.07
1825,Rock,Artist_19,3.79,0.91,0.93,0.71,41.24
1826,Rock,Artist_9,3.7,0.36,0.88,0.88,15.08
1827,Electronic,Artist_6,4.35,0.31,0.43,0.24,36.53
1828,Rock,Artist_25,4.73,0.67,0.63,0.29,21.29
1829,Rock,Artist_19,4.23,0.75,0.45,0.67,40.98
1830,Indie,Artist_13,3.4,0.55,0.57,0.16,28.69
1831,Rock,Artist_48,3.47,0.83,0.67,0.81,12.03
1832,Indie,Artist_25,2.67,0.5,0.87,0.35,31.0
1833,Jazz,Artist_24,2.76,0.74,0.82,0.02,6.89
1834,Classical,Artist_15,3.97,0.92,0.4,0.6,25.51
1835,Classical,Artist_12,2.45,0.48,0.74,0.1,24.08
1836,Electronic,Artist_45,3.67,0.91,0.15,0.2,22.96
1837,Classical,Artist_9,4.23,0.87,0.88,0.34,45.62
1838,Jazz,Artist_13,4.81,0.37,0.48,0.73,18.89
1839,Hip-Hop,Artist_46,3.48,0.18,0.4,0.56,18.54
1840,Electronic,Artist_47,2.3,0.58,0.87,0.79,4.03
1841,Rock,Artist_1,2.45,0.16,0.17,0.38,12.75
1842,Electronic,Artist_6,2.19,0.32,0.17,0.08,48.33
1843,Pop,Artist_25,2.59,0.7,0.37,0.78,33.43
1844,Indie,Artist_5,3.25,0.13,0.85,0.87,42.53
1845,Indie,Artist_39,4.97,0.73,0.51,0.23,6.81
1846,Rock,Artist_47,2.5,0.91,0.76,0.52,7.67
1847,Rock,Artist_29,4.22,0.23,0.58,0.58,48.59
1848,Electronic,Artist_28,2.33,0.65,0.26,0.78,44.76
1849,Jazz,Artist_4,2.4,0.35,0.31,0.29,25.61
1850,Indie,Artist_2,3.11,0.22,0.15,0.22,41.95
1851,Hip-Hop,Artist_30,2.91,0.22,0.26,0.51,8.92
1852,Jazz,Artist_36,2.9,0.31,0.19,0.03,23.18
1853,Rock,Artist_40,3.58,0.11,0.53,0.85,12.46
1854,Classical,Artist_6,4.04,0.49,0.54,0.86,48.72
1855,Jazz,Artist_47,4.53,0.84,0.39,0.2,17.18
1856,Hip-Hop,Artist_4,2.72,0.14,0.86,0.8,7.64
1857,Pop,Artist_24,2.0,0.26,0.92,0.84,49.25
1858,Electronic,Artist_36,3.4,0.66,0.51,0.54,22.56
1859,Rock,Artist_47,2.12,0.28,0.96,0.33,43.28
1860,Electronic,Artist_11,3.42,0.97,0.57,0.03,32.82
1861,Hip-Hop,Artist_34,2.79,0.24,0.97,0.29,34.21
1862,Rock,Artist_17,3.02,0.42,0.5,0.02,4.07
1863,Hip-Hop,Artist_25,3.71,0.39,0.78,0.64,49.2
1864,Electronic,Artist_11,4.25,0.86,0.97,0.84,8.85
1865,Electronic,Artist_35,2.35,1.0,0.76,0.05,11.46
1866,Classical,Artist_37,3.25,0.68,0.19,0.89,19.26
1867,Jazz,Artist_39,4.95,0.54,0.47,0.46,46.71
1868,Classical,Artist_46,4.11,0.55,0.41,0.24,5.28
1869,Classical,Artist_47,3.91,0.53,0.2,0.57,45.9
1870,Classical,Artist_14,4.81,0.63,0.56,0.12,44.93
1871,Pop,Artist_14,3.64,0.91,0.1,0.89,113.1
1872,Indie,Artist_27,2.62,0.8,0.51,0.23,13.6
1873,Hip-Hop,Artist_2,2.88,0.33,0.62,0.67,24.8
1874,Indie,Artist_18,3.35,0.26,0.94,0.22,19.6
1875,Electronic,Artist_7,2.61,0.84,0.51,0.25,6.78
1876,Pop,Artist_26,3.09,0.56,0.25,0.3,18.68
1877,Electronic,Artist_19,2.14,0.4,0.67,0.24,5.62
1878,Hip-Hop,Artist_29,2.75,0.9,0.31,0.1,83.86
1879,Electronic,Artist_35,2.02,0.35,0.38,0.43,2.45
1880,Rock,Artist_34,3.6,0.45,0.87,0.03,22.13
1881,Hip-Hop,Artist_5,4.14,0.35,0.17,0.2,35.96
1882,Hip-Hop,Artist_29,3.08,0.76,0.89,0.56,149.59
1883,Indie,Artist_15,2.51,0.2,0.38,0.36,9.01
1884,Rock,Artist_25,2.01,0.34,0.29,0.24,43.81
1885,Electronic,Artist_29,3.77,0.15,0.35,0.04,12.59
1886,Jazz,Artist_35,4.59,0.73,0.73,0.69,35.12
1887,Hip-Hop,Artist_37,2.51,0.45,0.46,0.78,41.62
1888,Classical,Artist_41,2.05,0.43,0.3,0.49,46.87
1889,Indie,Artist_44,2.75,0.35,0.3,0.72,36.35
1890,Hip-Hop,Artist_49,2.65,0.55,0.61,0.84,48.32
1891,Jazz,Artist_17,2.84,0.44,0.6,0.8,11.77
1892,Jazz,Artist_4,4.82,0.35,0.86,0.89,49.61
1893,Electronic,Artist_1,2.46,0.54,0.98,0.37,2.57
1894,Electronic,Artist_37,2.16,0.62,0.2,0.58,8.1
1895,Jazz,Artist_3,3.53,0.68,0.58,0.12,38.06
1896,Classical,Artist_47,4.61,0.74,0.57,0.18,32.06
1897,Classical,Artist_17,3.61,0.16,0.81,0.74,55.16
1898,Jazz,Artist_22,2.25,0.62,0.86,0.68,24.52
1899,Indie,Artist_14,3.93,0.29,0.26,0.59,43.39
1900,Hip-Hop,Artist_17,3.79,0.47,0.64,0.37,7.56
1901,Classical,Artist_28,2.02,0.56,0.26,0.66,10.62
1902,Electronic,Artist_17,2.61,0.17,0.3,0.85,29.16
1903,Pop,Artist_45,2.99,0.95,0.68,0.26,73.79
1904,Rock,Artist_37,4.21,0.79,0.16,0.88,4.55
1905,Hip-Hop,Artist_9,3.62,0.39,0.8,0.51,46.62
1906,Hip-Hop,Artist_34,4.15,0.92,0.11,0.64,100.82
1907,Indie,Artist_27,4.65,0.96,0.94,0.32,42.92
1908,Electronic,Artist_25,4.53,0.9,0.8,0.73,14.64
1909,Classical,Artist_3,3.95,0.21,0.55,0.34,6.86
1910,Indie,Artist_39,3.04,0.15,0.46,0.46,25.04
1911,Jazz,Artist_9,3.54,0.49,0.69,0.33,27.43
1912,Rock,Artist_11,3.6,0.2,0.69,0.01,5.83
1913,Rock,Artist_35,4.46,0.68,0.23,0.03,34.07
1914,Rock,Artist_49,3.82,0.71,0.96,0.69,31.7
1915,Pop,Artist_19,2.98,0.53,0.21,0.88,36.91
1916,Classical,Artist_16,2.48,0.13,0.21,0.88,45.39
1917,Classical,Artist_32,4.24,0.59,0.94,0.0,45.28
1918,Rock,Artist_10,3.91,0.99,0.62,0.39,35.86
1919,Classical,Artist_29,4.26,0.6,0.86,0.79,32.36
1920,Rock,Artist_35,3.64,0.69,0.67,0.84,42.69
1921,Classical,Artist_12,3.67,0.29,0.78,0.04,4.19
1922,Classical,Artist_39,3.87,0.9,0.96,0.71,47.25
1923,Indie,Artist_49,2.87,0.57,0.83,0.76,40.47
1924,Jazz,Artist_43,4.7,0.34,0.15,0.39,36.68
1925,Indie,Artist_8,2.59,0.91,0.41,0.61,42.21
1926,Jazz,Artist_43,4.89,0.22,0.8,0.34,16.01
1927,Electronic,Artist_11,4.51,0.98,0.13,0.53,32.07
1928,Hip-Hop,Artist_40,2.49,0.15,0.93,0.84,55.46
1929,Electronic,Artist_31,2.18,0.41,0.32,0.44,30.06
1930,Hip-Hop,Artist_8,4.11,0.58,0.25,0.67,46.08
1931,Jazz,Artist_32,2.79,0.34,0.29,0.19,10.98
1932,Pop,Artist_15,4.44,0.21,0.28,0.06,48.58
1933,Jazz,Artist_44,2.02,0.52,0.56,0.28,44.41
1934,Rock,Artist_22,2.87,0.63,0.88,0.04,36.29
1935,Jazz,Artist_35,2.42,0.61,0.37,0.43,8.01
1936,Electronic,Artist_36,4.52,0.38,0.62,0.74,8.73
1937,Classical,Artist_36,4.29,0.14,0.78,0.46,1.6
1938,Jazz,Artist_31,2.21,0.86,0.58,0.55,31.08
1939,Electronic,Artist_38,2.63,0.37,0.54,0.85,11.11
1940,Jazz,Artist_20,4.26,0.15,0.17,0.55,42.65
1941,Classical,Artist_10,3.34,0.55,0.31,0.14,19.82
1942,Classical,Artist_18,2.06,0.24,0.83,0.61,30.15
1943,Pop,Artist_39,2.38,0.13,0.5,0.47,40.96
1944,Electronic,Artist_1,3.33,0.14,0.62,0.65,36.05
1945,Indie,Artist_15,4.76,0.37,0.19,0.56,48.77
1946,Electronic,Artist_13,3.68,0.85,0.52,0.78,10.21
1947,Jazz,Artist_12,2.42,0.31,0.24,0.23,15.92
1948,Jazz,Artist_41,4.39,0.29,0.18,0.17,14.99
1949,Classical,Artist_36,2.25,1.0,0.4,0.09,8.52
1950,Rock,Artist_16,4.4,0.44,0.4,0.75,10.5
1951,Electronic,Artist_16,3.82,0.32,0.46,0.19,7.88
1952,Electronic,Artist_47,4.93,0.87,0.86,0.28,36.57
1953,Classical,Artist_10,4.95,0.93,0.23,0.19,14.08
1954,Electronic,Artist_34,4.4,0.88,0.76,0.31,14.34
1955,Rock,Artist_37,4.94,0.56,0.81,0.61,23.15
1956,Rock,Artist_28,4.85,0.13,0.19,0.72,31.29
1957,Jazz,Artist_32,4.83,0.6,0.23,0.73,35.56
1958,Pop,Artist_25,2.64,0.4,0.42,0.88,24.44
1959,Pop,Artist_49,4.61,0.12,0.51,0.45,44.28
1960,Classical,Artist_21,2.41,0.75,0.42,0.1,43.62
1961,Electronic,Artist_38,4.67,0.28,0.25,0.27,9.07
1962,Rock,Artist_4,2.35,0.17,0.69,0.02,20.54
1963,Classical,Artist_2,2.97,0.72,0.87,0.49,7.7
1964,Classical,Artist_3,3.18,0.8,0.48,0.12,18.19
1965,Indie,Artist_31,4.12,0.6,0.32,0.48,37.81
1966,Pop,Artist_48,2.28,0.92,0.25,0.75,74.29
1967,Classical,Artist_1,4.74,0.5,0.16,0.3,9.36
1968,Indie,Artist_24,3.84,0.37,0.75,0.49,7.81
1969,Jazz,Artist_25,3.76,0.52,0.77,0.17,1.22
1970,Electronic,Artist_1,2.49,0.11,0.86,0.36,43.49
1971,Electronic,Artist_46,3.49,0.67,0.5,0.42,15.75
1972,Hip-Hop,Artist_6,4.07,0.16,0.38,0.12,13.85
1973,Indie,Artist_9,4.91,0.8,0.76,0.14,37.69
1974,Rock,Artist_40,2.02,0.32,0.24,0.6,17.58
1975,Electronic,Artist_19,2.84,0.31,0.62,0.06,14.02
1976,Rock,Artist_50,4.44,0.49,0.6,0.27,13.77
1977,Electronic,Artist_28,3.3,0.69,0.67,0.24,6.41
1978,Indie,Artist_38,3.04,0.74,0.41,0.07,34.02
1979,Rock,Artist_36,4.24,0.23,0.99,0.73,50.45
1980,Indie,Artist_44,3.33,0.47,0.72,0.64,35.61
1981,Indie,Artist_33,3.78,0.44,0.76,0.76,14.09
1982,Indie,Artist_46,4.92,0.17,0.26,0.26,3.31
1983,Hip-Hop,Artist_35,3.36,0.83,0.3,0.42,112.65
1984,Hip-Hop,Artist_8,3.18,0.9,0.48,0.14,106.96
1985,Pop,Artist_48,3.52,0.62,0.86,0.01,55.45
1986,Electronic,Artist_36,2.69,0.2,0.59,0.62,42.14
1987,Jazz,Artist_35,4.69,0.9,0.67,0.53,10.67
1988,Classical,Artist_33,2.66,0.3,0.68,0.15,24.78
1989,Electronic,Artist_16,4.46,0.16,0.64,0.54,36.44
1990,Jazz,Artist_8,3.03,0.47,0.8,0.88,25.96
1991,Classical,Artist_47,4.78,0.24,0.74,0.63,39.25
1992,Pop,Artist_8,3.3,0.87,0.27,0.34,89.6
1993,Classical,Artist_25,4.31,0.16,0.32,0.62,16.66
1994,Rock,Artist_1,2.49,0.27,0.52,0.09,39.19
1995,Electronic,Artist_20,4.85,0.85,0.18,0.69,9.75
1996,Rock,Artist_7,3.28,0.54,0.98,0.08,20.17
1997,Electronic,Artist_27,2.49,0.8,0.79,0.87,10.31
1998,Classical,Artist_37,2.61,0.25,0.12,0.55,11.5
1999,Pop,Artist_48,4.31,0.42,0.98,0.01,27.65
2000,Rock,Artist_27,2.85,0.76,0.75,0.05,34.9
2001,Electronic,Artist_4,4.94,0.31,0.47,0.08,23.25
2002,Indie,Artist_29,4.34,0.51,0.74,0.78,15.99
2003,Jazz,Artist_46,3.8,0.36,0.67,0.47,25.87
2004,Hip-Hop,Artist_18,2.44,0.62,0.44,0.05,41.38
2005,Rock,Artist_35,2.76,0.68,0.77,0.74,10.5
2006,Jazz,Artist_21,4.35,0.93,0.91,0.62,14.65
2007,Rock,Artist_10,3.37,0.31,0.23,0.04,34.24
2008,Pop,Artist_37,4.21,0.38,0.77,0.89,33.96
2009,Pop,Artist_9,4.66,0.92,0.92,0.78,124.11
2010,Classical,Artist_15,3.29,0.31,0.19,0.66,48.74
2011,Indie,Artist_47,3.66,0.5,0.75,0.2,34.86
2012,Classical,Artist_39,2.76,0.15,0.82,0.53,35.6
2013,Classical,Artist_21,4.77,0.18,0.43,0.23,15.69
2014,Pop,Artist_7,4.31,0.85,0.76,0.84,140.76
2015,Indie,Artist_43,3.76,0.12,0.27,0.37,17.82
2016,Hip-Hop,Artist_4,3.32,0.22,0.56,0.15,34.38
2017,Classical,Artist_38,3.44,0.92,0.37,0.86,26.5
2018,Jazz,Artist_4,3.61,0.35,0.33,0.69,7.99
2019,Hip-Hop,Artist_46,3.45,0.49,0.37,0.26,35.14
2020,Hip-Hop,Artist_32,2.17,0.76,0.29,0.23,28.3
2021,Classical,Artist_35,4.89,0.74,0.44,0.39,3.95
2022,Rock,Artist_28,3.92,0.83,0.93,0.61,38.09
2023,Electronic,Artist_44,2.2,0.78,0.33,0.07,47.13
2024,Electronic,Artist_32,3.62,0.29,0.82,0.84,45.61
2025,Indie,Artist_40,4.06,0.75,0.81,0.35,28.31
2026,Hip-Hop,Artist_1,2.46,0.78,0.16,0.32,111.66
2027,Indie,Artist_20,2.46,0.52,0.44,0.52,16.94
2028,Rock,Artist_47,2.46,1.0,0.24,0.69,19.46
2029,Electronic,Artist_11,2.5,0.48,0.74,0.75,4.46
2030,Jazz,Artist_5,2.64,0.6,0.92,0.28,35.62
2031,Electronic,Artist_34,2.87,0.84,0.81,0.4,5.47
2032,Indie,Artist_46,4.43,0.32,0.56,0.14,38.88
2033,Pop,Artist_1,2.52,0.33,0.3,0.21,21.73
2034,Classical,Artist_29,3.3,0.81,0.9,0.82,4.01
2035,Rock,Artist_34,2.49,0.91,0.34,0.12,39.4
2036,Indie,Artist_50,2.79,0.28,0.47,0.25,49.09
2037,Indie,Artist_19,2.37,0.67,0.86,0.32,7.8
2038,Classical,Artist_10,3.25,0.74,0.38,0.54,35.13
2039,Jazz,Artist_19,2.63,0.21,0.89,0.12,37.32
2040,Indie,Artist_15,2.4,0.51,0.67,0.66,26.12
2041,Hip-Hop,Artist_30,2.99,0.4,0.41,0.89,36.67
2042,Classical,Artist_16,3.75,0.45,0.32,0.71,11.36
2043,Pop,Artist_43,2.8,0.28,0.73,0.03,20.14
2044,Rock,Artist_8,4.18,0.65,0.11,0.46,10.23
2045,Pop,Artist_27,3.86,0.69,0.38,0.68,34.7
2046,Jazz,Artist_13,2.75,0.28,0.67,0.14,29.72
2047,Pop,Artist_31,3.5,0.77,0.68,0.02,10.79
2048,Jazz,Artist_49,4.67,0.12,0.46,0.49,11.24
2049,Classical,Artist_16,3.65,0.48,0.39,0.52,37.41
2050,Rock,Artist_13,4.44,0.65,0.34,0.15,6.53
2051,Jazz,Artist_28,2.63,0.49,0.87,0.12,43.85
2052,Hip-Hop,Artist_14,2.76,0.85,0.22,0.9,110.52
2053,Pop,Artist_24,3.05,0.96,0.8,0.12,65.2
2054,Electronic,Artist_47,2.81,0.69,0.62,0.52,23.26
2055,Indie,Artist_39,4.04,0.82,0.69,0.19,26.99
2056,Pop,Artist_43,3.73,0.97,0.99,0.16,61.55
2057,Classical,Artist_43,2.21,0.72,0.84,0.21,47.31
2058,Rock,Artist_49,4.02,0.19,0.43,0.69,35.48
2059,Pop,Artist_11,2.18,0.63,0.19,0.17,17.97
2060,Indie,Artist_50,4.22,0.39,0.86,0.44,23.31
2061,Classical,Artist_32,3.79,0.84,0.97,0.65,20.63
2062,Rock,Artist_50,4.47,0.83,0.58,0.47,37.78
2063,Indie,Artist_20,4.53,0.99,0.92,0.42,1.45
2064,Classical,Artist_46,2.76,0.29,0.24,0.87,25.31
2065,Pop,Artist_28,4.12,0.12,0.42,0.06,13.56
2066,Hip-Hop,Artist_40,2.31,0.69,0.33,0.86,32.56
2067,Hip-Hop,Artist_23,4.82,0.16,0.1,0.52,21.3
2068,Electronic,Artist_18,2.32,0.91,0.89,0.34,40.6
2069,Electronic,Artist_31,2.68,0.64,0.24,0.34,13.81
2070,Pop,Artist_19,4.73,0.38,0.76,0.89,33.63
2071,Pop,Artist_21,2.38,0.32,0.23,0.7,16.11
2072,Rock,Artist_12,4.67,0.83,0.72,0.6,2.8
2073,Electronic,Artist_5,3.91,0.28,0.3,0.27,25.63
2074,Pop,Artist_19,2.74,0.98,0.13,0.73,61.27
2075,Electronic,Artist_29,3.3,0.34,0.89,0.63,32.12
2076,Indie,Artist_4,4.18,0.24,0.38,0.47,36.27
2077,Rock,Artist_11,3.13,0.21,0.35,0.53,45.16
2078,Pop,Artist_17,4.2,0.12,0.18,0.58,17.51
2079,Jazz,Artist_15,4.54,0.58,0.69,0.22,21.39
2080,Hip-Hop,Artist_41,2.55,0.69,0.1,0.04,30.32
2081,Hip-Hop,Artist_2,2.96,0.22,0.12,0.28,47.97
2082,Indie,Artist_31,3.09,0.56,0.84,0.43,13.1
2083,Electronic,Artist_49,3.03,0.55,0.84,0.65,40.24
2084,Hip-Hop,Artist_32,4.5,0.8,0.69,0.61,43.85
2085,Hip-Hop,Artist_2,2.82,0.52,0.3,0.46,15.3
2086,Indie,Artist_27,2.38,0.85,0.42,0.01,35.73
2087,Pop,Artist_23,2.47,0.88,0.69,0.43,37.45
2088,Jazz,Artist_23,2.04,0.75,0.25,0.74,25.52
2089,Electronic,Artist_35,4.11,0.3,0.41,0.09,21.56
2090,Pop,Artist_22,3.9,0.87,0.19,0.73,98.57
2091,Electronic,Artist_25,4.87,0.91,1.0,0.37,24.68
2092,Jazz,Artist_42,2.22,0.51,0.7,0.18,15.78
2093,Pop,Artist_7,2.75,0.48,0.63,0.83,34.48
2094,Classical,Artist_8,3.58,0.17,0.21,0.7,13.47
2095,Pop,Artist_39,4.35,0.46,0.2,0.54,12.0
2096,Hip-Hop,Artist_25,4.84,0.79,0.87,0.51,70.99
2097,Pop,Artist_5,2.2,0.13,0.94,0.79,21.89
2098,Classical,Artist_35,2.11,0.63,0.52,0.21,2.25
2099,Rock,Artist_50,3.7,0.27,0.66,0.78,36.98
2100,Rock,Artist_14,4.63,0.82,0.53,0.27,44.84
2101,Rock,Artist_35,4.07,0.15,0.92,0.11,47.07
2102,Jazz,Artist_21,2.05,0.86,0.69,0.2,4.87
2103,Indie,Artist_18,3.27,0.18,0.65,0.56,10.13
2104,Indie,Artist_32,2.92,0.92,0.17,0.77,28.55
2105,Indie,Artist_37,4.12,0.96,0.69,0.41,41.54
2106,Rock,Artist_48,3.03,0.56,0.47,0.46,2.97
2107,Electronic,Artist_26,3.92,0.81,0.71,0.14,43.36
2108,Classical,Artist_21,2.18,0.56,0.61,0.68,13.82
2109,Pop,Artist_8,2.66,0.97,0.67,0.39,61.6
2110,Indie,Artist_49,4.71,0.71,0.7,0.57,38.17
2111,Rock,Artist_50,2.61,0.2,0.86,0.78,47.91
2112,Electronic,Artist_31,3.58,0.48,0.41,0.8,28.98
2113,Electronic,Artist_45,3.76,0.48,0.62,0.51,15.88
2114,Indie,Artist_50,2.12,0.85,0.58,0.24,33.79
2115,Jazz,Artist_3,2.91,0.75,0.93,0.26,53.1
2116,Electronic,Artist_5,4.59,0.4,0.71,0.71,24.56
2117,Jazz,Artist_3,2.59,0.34,0.32,0.79,46.66
2118,Hip-Hop,Artist_22,4.43,0.99,0.83,0.28,67.26
2119,Rock,Artist_26,2.52,0.75,0.81,0.54,23.47
2120,Pop,Artist_48,2.69,0.35,0.8,0.26,14.8
2121,Electronic,Artist_26,4.73,0.92,0.24,0.6,21.05
2122,Jazz,Artist_4,4.31,0.71,0.79,0.01,12.19
2123,Classical,Artist_24,3.79,0.3,0.68,0.8,1.54
2124,Indie,Artist_45,2.15,0.64,0.85,0.58,27.61
2125,Hip-Hop,Artist_18,2.8,0.72,0.7,0.08,54.25
2126,Rock,Artist_1,2.41,0.6,0.25,0.49,3.97
2127,Pop,Artist_37,3.88,0.46,0.79,0.05,25.19
2128,Classical,Artist_43,3.57,0.18,0.65,0.42,31.33
2129,Jazz,Artist_32,3.88,0.41,0.51,0.84,10.1
2130,Electronic,Artist_3,4.27,0.61,0.24,0.61,42.81
2131,Jazz,Artist_31,5.0,0.33,0.5,0.87,20.78
2132,Rock,Artist_37,2.02,0.88,0.8,0.5,27.73
2133,Electronic,Artist_7,3.0,0.89,0.27,0.13,21.59
2134,Hip-Hop,Artist_7,3.11,0.59,0.23,0.83,27.2
2135,Jazz,Artist_30,2.06,0.37,0.68,0.03,20.19
2136,Pop,Artist_39,4.14,0.4,0.63,0.63,44.6
2137,Hip-Hop,Artist_4,3.02,0.36,0.65,0.7,16.27
2138,Indie,Artist_29,4.78,0.9,0.96,0.63,58.14
2139,Pop,Artist_35,2.21,0.76,0.66,0.42,154.69
2140,Jazz,Artist_35,2.09,0.53,0.3,0.48,43.4
2141,Hip-Hop,Artist_30,4.74,0.48,0.14,0.14,30.3
2142,Indie,Artist_30,4.24,0.34,0.62,0.53,24.52
2143,Classical,Artist_22,4.98,0.66,0.83,0.73,16.33
2144,Indie,Artist_36,3.03,0.79,0.38,0.71,16.22
2145,Rock,Artist_26,3.3,0.49,0.68,0.54,42.52
2146,Classical,Artist_6,3.69,0.19,0.32,0.74,16.88
2147,Classical,Artist_42,3.65,0.84,0.74,0.45,3.92
2148,Rock,Artist_23,4.06,0.56,0.67,0.3,36.25
2149,Hip-Hop,Artist_40,3.14,0.61,0.68,0.37,40.09
2150,Pop,Artist_37,4.02,0.33,0.48,0.67,33.78
2151,Jazz,Artist_3,3.12,0.42,0.75,0.5,4.13
2152,Jazz,Artist_37,2.31,0.81,0.24,0.09,20.86
2153,Jazz,Artist_5,4.61,0.75,0.81,0.79,16.8
2154,Hip-Hop,Artist_16,4.83,0.7,0.75,0.69,21.2
2155,Classical,Artist_10,4.63,0.29,0.54,0.05,3.49
2156,Jazz,Artist_42,3.47,0.9,0.68,0.1,27.08
2157,Jazz,Artist_20,4.43,0.96,0.95,0.04,10.89
2158,Classical,Artist_1,4.98,0.6,0.66,0.36,28.58
2159,Classical,Artist_39,3.85,0.79,0.21,0.48,16.82
2160,Hip-Hop,Artist_18,3.39,0.55,0.6,0.48,1.91
2161,Indie,Artist_41,4.48,0.79,0.28,0.69,14.26
2162,Indie,Artist_29,4.96,0.65,0.48,0.78,40.65
2163,Electronic,Artist_26,4.85,0.8,0.35,0.14,48.69
2164,Pop,Artist_2,2.87,0.74,0.5,0.2,44.02
2165,Hip-Hop,Artist_44,2.38,0.8,0.78,0.7,56.36
2166,Classical,Artist_29,4.02,0.27,0.16,0.86,36.28
2167,Pop,Artist_9,4.68,0.39,0.22,0.5,32.01
2168,Classical,Artist_41,3.39,0.57,0.63,0.43,41.16
2169,Indie,Artist_41,3.62,0.49,0.28,0.77,1.18
2170,Rock,Artist_32,4.82,0.66,0.63,0.43,23.38
2171,Indie,Artist_22,3.61,0.96,1.0,0.17,22.83
2172,Pop,Artist_20,3.45,0.83,0.53,0.75,8.41
2173,Hip-Hop,Artist_45,2.06,0.48,0.85,0.59,44.98
2174,Indie,Artist_2,4.56,0.11,0.34,0.5,3.13
2175,Hip-Hop,Artist_46,3.88,0.74,0.84,0.43,7.33
2176,Indie,Artist_36,2.61,0.31,0.36,0.85,27.58
2177,Electronic,Artist_28,4.35,0.52,0.98,0.51,13.86
2178,Jazz,Artist_4,4.22,0.21,0.4,0.27,23.82
2179,Hip-Hop,Artist_27,3.97,0.41,0.29,0.74,9.69
2180,Classical,Artist_13,4.37,0.7,0.25,0.43,5.39
2181,Hip-Hop,Artist_34,4.19,0.73,0.43,0.35,60.51
2182,Rock,Artist_22,3.83,0.94,0.54,0.36,37.86
2183,Electronic,Artist_27,3.58,0.38,0.95,0.72,41.17
2184,Pop,Artist_12,4.93,0.2,0.88,0.58,52.95
2185,Indie,Artist_30,2.45,0.53,0.93,0.65,59.28
2186,Classical,Artist_2,4.13,0.64,0.39,0.02,8.27
2187,Indie,Artist_34,4.29,0.37,0.26,0.42,41.25
2188,Hip-Hop,Artist_12,4.77,0.24,0.62,0.13,33.21
2189,Rock,Artist_11,3.96,0.46,0.16,0.14,12.85
2190,Classical,Artist_18,2.09,0.26,0.82,0.53,29.59
2191,Hip-Hop,Artist_26,3.72,0.25,0.66,0.38,24.7
2192,Electronic,Artist_40,3.8,0.75,0.43,0.05,48.43
2193,Jazz,Artist_48,3.93,0.57,0.72,0.61,43.03
2194,Hip-Hop,Artist_49,2.49,0.16,0.69,0.67,6.29
2195,Pop,Artist_15,4.78,0.73,0.7,0.77,69.27
2196,Hip-Hop,Artist_19,2.69,0.64,0.94,0.13,14.29
2197,Classical,Artist_44,4.85,0.55,0.87,0.58,6.13
2198,Pop,Artist_37,3.66,0.72,0.92,0.43,23.97
2199,Electronic,Artist_8,3.6,0.77,0.67,0.87,38.69
2200,Rock,Artist_50,2.43,0.9,0.54,0.78,44.34
2201,Jazz,Artist_44,4.04,0.38,0.49,0.28,14.52
2202,Jazz,Artist_42,3.65,0.12,0.82,0.84,54.36
2203,Jazz,Artist_44,2.81,0.94,0.36,0.86,25.21
2204,Indie,Artist_50,2.84,0.8,0.67,0.72,34.0
2205,Electronic,Artist_50,2.64,0.51,0.24,0.68,34.27
2206,Pop,Artist_19,2.94,0.98,0.22,0.11,113.7
2207,Jazz,Artist_43,3.21,0.98,0.32,0.38,44.44
2208,Indie,Artist_10,3.9,0.15,0.67,0.01,9.2
2209,Hip-Hop,Artist_25,3.59,0.61,0.24,0.84,9.22
2210,Electronic,Artist_43,4.9,0.64,0.96,0.55,11.1
2211,Pop,Artist_42,4.06,0.77,0.76,0.04,155.94
2212,Rock,Artist_13,2.97,0.11,0.73,0.39,18.65
2213,Indie,Artist_22,4.17,0.75,0.46,0.17,15.36
2214,Pop,Artist_35,4.36,0.76,0.56,0.88,94.18
2215,Jazz,Artist_11,2.05,0.95,0.21,0.67,7.09
2216,Rock,Artist_47,2.95,0.44,0.97,0.75,51.14
2217,Classical,Artist_48,2.77,0.96,0.11,0.89,15.92
2218,Jazz,Artist_24,3.65,0.4,0.15,0.33,2.94
2219,Electronic,Artist_5,3.77,0.27,0.99,0.45,18.93
2220,Hip-Hop,Artist_14,3.53,0.1,0.78,0.69,2.72
2221,Jazz,Artist_2,4.42,0.3,0.44,0.48,18.54
2222,Indie,Artist_24,4.81,0.67,0.81,0.33,21.63
2223,Indie,Artist_7,2.12,0.29,0.92,0.31,6.95
2224,Hip-Hop,Artist_50,2.23,0.54,0.72,0.01,8.41
2225,Hip-Hop,Artist_35,4.97,0.32,0.46,0.61,16.05
2226,Electronic,Artist_23,2.06,0.31,0.79,0.33,1.83
2227,Jazz,Artist_5,4.99,0.91,0.96,0.76,31.27
2228,Indie,Artist_46,4.68,0.16,0.43,0.13,35.34
2229,Jazz,Artist_16,2.8,0.68,0.85,0.41,52.04
2230,Classical,Artist_43,2.28,0.63,0.62,0.88,13.5
2231,Indie,Artist_23,2.66,0.67,0.87,0.5,3.37
2232,Pop,Artist_18,3.37,0.29,0.13,0.16,30.87
2233,Jazz,Artist_47,3.12,0.79,0.81,0.72,28.76
2234,Pop,Artist_25,2.45,0.73,0.2,0.13,80.38
2235,Pop,Artist_38,4.6,0.91,0.82,0.08,177.22
2236,Classical,Artist_32,4.02,0.32,0.69,0.61,31.93
2237,Electronic,Artist_27,3.48,0.1,0.63,0.52,3.4
2238,Electronic,Artist_12,3.68,0.51,0.34,0.27,24.39
2239,Indie,Artist_43,4.43,0.66,0.95,0.33,34.03
2240,Hip-Hop,Artist_19,4.55,0.93,0.77,0.16,4.22
2241,Rock,Artist_15,2.15,0.95,0.94,0.78,35.54
2242,Indie,Artist_35,4.45,0.31,0.57,0.89,28.19
2243,Rock,Artist_40,3.5,0.62,0.61,0.43,7.35
2244,Electronic,Artist_27,3.59,0.87,0.12,0.23,34.8
2245,Rock,Artist_11,3.67,0.15,0.33,0.76,15.61
2246,Indie,Artist_20,4.63,0.67,0.25,0.72,7.69
2247,Jazz,Artist_34,3.58,0.29,0.7,0.39,13.91
2248,Pop,Artist_22,2.88,0.67,0.53,0.79,32.13
2249,Classical,Artist_9,3.92,0.8,0.91,0.69,49.56
2250,Pop,Artist_30,3.44,0.58,0.34,0.28,2.99
2251,Indie,Artist_28,4.69,0.5,0.36,0.25,13.18
2252,Hip-Hop,Artist_29,2.25,0.87,0.51,0.31,53.5
2253,Indie,Artist_2,2.88,0.6,0.52,0.49,11.38
2254,Electronic,Artist_20,2.64,0.26,0.48,0.17,36.41
2255,Jazz,Artist_16,4.81,0.73,0.81,0.32,34.64
2256,Pop,Artist_42,2.69,0.97,0.11,0.38,96.13
2257,Pop,Artist_17,4.55,0.72,0.51,0.45,124.74
2258,Classical,Artist_27,3.95,0.62,0.76,0.73,5.66
2259,Electronic,Artist_15,3.61,0.68,0.58,0.6,7.56
2260,Electronic,Artist_50,3.29,0.43,0.63,0.65,45.13
2261,Indie,Artist_12,4.53,0.64,0.25,0.75,35.65
2262,Electronic,Artist_22,3.56,0.43,0.64,0.48,42.96
2263,Rock,Artist_45,4.96,0.68,0.36,0.07,18.19
2264,Electronic,Artist_16,4.4,0.81,0.46,0.76,43.19
2265,Classical,Artist_36,3.11,0.61,0.36,0.77,45.01
2266,Classical,Artist_25,4.46,0.92,0.38,0.43,40.36
2267,Classical,Artist_46,3.63,0.89,0.4,0.77,12.69
2268,Jazz,Artist_3,3.21,0.61,0.84,0.56,25.24
2269,Indie,Artist_39,4.39,0.75,0.62,0.61,2.26
2270,Electronic,Artist_8,3.38,0.87,0.77,0.68,38.94
2271,Classical,Artist_20,3.12,0.44,0.66,0.7,29.4
2272,Electronic,Artist_12,2.92,0.73,0.38,0.9,9.17
2273,Electronic,Artist_23,4.82,0.15,1.0,0.34,38.56
2274,Pop,Artist_15,4.61,0.32,0.93,0.5,28.45
2275,Jazz,Artist_26,4.14,0.77,0.93,0.85,38.47
2276,Rock,Artist_22,3.1,0.99,0.37,0.63,13.74
2277,Indie,Artist_48,2.02,0.34,0.13,0.66,33.99
2278,Rock,Artist_1,2.85,0.83,0.96,0.73,19.83
2279,Hip-Hop,Artist_46,2.37,0.55,0.64,0.82,15.96
2280,Classical,Artist_16,3.74,0.27,0.85,0.08,49.08
2281,Electronic,Artist_32,2.13,0.53,0.61,0.83,43.43
2282,Jazz,Artist_6,4.04,0.68,0.91,0.51,7.11
2283,Classical,Artist_8,4.65,0.17,0.53,0.06,36.59
2284,Pop,Artist_18,4.99,0.89,0.79,0.22,93.7
2285,Pop,Artist_1,4.66,0.68,0.8,0.5,13.56
2286,Jazz,Artist_37,4.37,0.36,0.54,0.32,24.1
2287,Jazz,Artist_42,4.1,0.27,0.74,0.12,46.21
2288,Rock,Artist_41,3.63,0.34,0.62,0.47,7.13
2289,Electronic,Artist_26,4.39,0.46,0.7,0.13,26.96
2290,Rock,Artist_25,4.64,0.41,0.2,0.15,7.33
2291,Indie,Artist_30,2.85,0.44,0.25,0.11,10.45
2292,Rock,Artist_34,4.92,0.16,0.47,0.28,35.93
2293,Jazz,Artist_19,4.15,0.8,0.45,0.75,10.04
2294,Classical,Artist_47,3.81,0.16,0.12,0.35,21.55
2295,Jazz,Artist_19,2.09,0.45,0.98,0.83,9.65
2296,Jazz,Artist_35,3.15,0.46,0.76,0.33,10.26
2297,Hip-Hop,Artist_9,2.32,0.74,0.28,0.49,28.72
2298,Pop,Artist_31,4.39,0.98,0.88,0.72,43.88
2299,Pop,Artist_38,2.96,0.19,0.4,0.21,2.22
2300,Electronic,Artist_47,2.68,0.29,0.94,0.04,6.39
2301,Jazz,Artist_33,2.87,0.9,0.5,0.02,8.77
2302,Jazz,Artist_27,4.36,0.23,0.79,0.05,45.85
2303,Electronic,Artist_10,2.17,0.21,0.88,0.83,51.05
2304,Electronic,Artist_11,4.53,0.75,0.74,0.89,20.93
2305,Electronic,Artist_11,2.79,0.13,0.99,0.1,9.41
2306,Jazz,Artist_45,3.37,0.2,0.49,0.39,47.76
2307,Classical,Artist_47,3.51,0.49,0.2,0.03,18.36
2308,Electronic,Artist_17,3.93,0.58,0.74,0.34,29.32
2309,Jazz,Artist_45,2.36,0.2,0.43,0.35,40.49
2310,Electronic,Artist_36,3.69,0.3,0.68,0.06,7.58
2311,Rock,Artist_4,4.14,0.82,0.97,0.88,56.14
2312,Electronic,Artist_1,2.92,0.26,0.16,0.09,8.73
2313,Hip-Hop,Artist_21,4.04,0.72,0.16,0.41,88.46
2314,Electronic,Artist_19,4.16,0.9,0.61,0.43,5.14
2315,Rock,Artist_1,4.46,0.63,0.77,0.58,11.96
2316,Hip-Hop,Artist_24,4.15,0.23,0.52,0.41,28.92
2317,Pop,Artist_46,4.47,0.32,0.48,0.21,44.12
2318,Hip-Hop,Artist_5,2.01,0.32,0.99,0.03,4.2
2319,Jazz,Artist_13,2.14,0.94,0.7,0.29,35.59
2320,Jazz,Artist_3,3.39,0.58,0.49,0.07,33.06
2321,Classical,Artist_41,4.61,0.36,0.78,0.38,25.02
2322,Indie,Artist_49,3.3,0.73,0.29,0.46,5.26
2323,Indie,Artist_14,4.24,0.77,0.77,0.75,7.5
2324,Indie,Artist_46,3.03,0.15,0.32,0.22,2.66
2325,Jazz,Artist_47,2.29,0.7,0.29,0.56,14.49
2326,Indie,Artist_38,2.25,0.18,0.64,0.6,34.78
2327,Indie,Artist_48,4.86,0.9,0.6,0.65,10.22
2328,Electronic,Artist_30,3.39,0.45,0.79,0.71,2.8
2329,Pop,Artist_1,4.51,0.6,0.15,0.54,49.9
2330,Pop,Artist_29,2.67,0.17,0.98,0.53,16.41
2331,Rock,Artist_47,3.87,0.55,0.79,0.79,17.07
2332,Electronic,Artist_44,4.51,0.42,0.11,0.63,6.45
2333,Electronic,Artist_7,3.93,0.1,0.78,0.37,37.17
2334,Hip-Hop,Artist_5,3.94,0.14,0.83,0.31,13.8
2335,Classical,Artist_41,4.22,0.13,0.74,0.53,45.02
2336,Indie,Artist_9,4.22,0.87,0.49,0.54,1.91
2337,Classical,Artist_15,2.42,0.29,0.45,0.82,21.16
2338,Indie,Artist_50,4.09,0.67,0.74,0.38,24.89
2339,Jazz,Artist_47,4.41,0.11,0.53,0.44,28.55
2340,Electronic,Artist_40,4.37,0.57,0.45,0.68,45.63
2341,Classical,Artist_26,2.57,0.29,0.64,0.83,3.44
2342,Pop,Artist_21,4.54,0.37,0.34,0.83,19.62
2343,Electronic,Artist_30,4.02,0.17,0.94,0.59,3.22
2344,Classical,Artist_20,4.74,0.61,0.65,0.62,21.15
2345,Rock,Artist_23,4.64,0.44,0.91,0.79,29.44
2346,Hip-Hop,Artist_5,4.9,0.87,0.98,0.32,105.37
2347,Classical,Artist_20,2.31,0.39,0.52,0.26,43.75
2348,Hip-Hop,Artist_45,3.44,0.66,0.36,0.48,11.74
2349,Rock,Artist_14,3.19,0.17,0.66,0.84,17.81
2350,Electronic,Artist_50,3.23,0.8,0.26,0.06,31.81
2351,Hip-Hop,Artist_32,3.05,0.86,0.77,0.89,79.23
2352,Classical,Artist_13,2.88,0.51,0.31,0.71,9.55
2353,Jazz,Artist_26,4.05,0.46,0.3,0.25,13.29
2354,Indie,Artist_1,4.64,0.3,0.18,0.43,25.6
2355,Rock,Artist_19,3.06,0.4,0.36,0.04,13.73
2356,Hip-Hop,Artist_25,2.28,0.21,0.85,0.22,17.56
2357,Classical,Artist_34,4.4,0.93,0.75,0.07,44.57
2358,Indie,Artist_44,2.17,0.96,0.61,0.23,37.84
2359,Indie,Artist_45,2.41,0.26,0.43,0.46,30.8
2360,Electronic,Artist_17,4.89,0.31,0.83,0.58,50.62
2361,Pop,Artist_49,2.88,0.51,0.13,0.72,34.83
2362,Jazz,Artist_23,4.36,1.0,0.15,0.57,45.71
2363,Indie,Artist_11,3.87,0.56,0.89,0.78,2.16
2364,Electronic,Artist_44,3.75,0.11,0.87,0.68,5.5
2365,Indie,Artist_30,4.5,0.67,0.71,0.71,19.36
2366,Hip-Hop,Artist_47,2.72,0.72,0.52,0.66,13.14
2367,Electronic,Artist_3,2.58,0.12,0.11,0.85,4.82
2368,Electronic,Artist_1,4.35,0.93,0.17,0.42,28.16
2369,Jazz,Artist_15,4.62,0.32,0.36,0.79,31.22
2370,Electronic,Artist_20,2.61,0.36,0.34,0.83,7.62
2371,Electronic,Artist_12,4.47,0.8,0.49,0.24,46.77
2372,Classical,Artist_15,2.52,0.48,0.61,0.31,17.81
2373,Classical,Artist_14,4.95,0.78,0.29,0.44,48.3
2374,Rock,Artist_26,2.65,0.25,0.39,0.54,10.67
2375,Rock,Artist_45,2.57,0.71,0.17,0.6,8.26
2376,Jazz,Artist_47,3.11,0.15,0.19,0.38,23.25
2377,Electronic,Artist_14,4.1,0.45,0.56,0.8,20.66
2378,Electronic,Artist_7,4.77,0.93,0.39,0.04,39.81
2379,Electronic,Artist_1,3.6,0.47,0.72,0.88,7.37
2380,Rock,Artist_23,3.27,0.72,0.34,0.54,46.91
2381,Rock,Artist_45,2.55,0.12,0.19,0.19,23.92
2382,Pop,Artist_27,3.46,0.32,0.32,0.45,31.76
2383,Hip-Hop,Artist_8,2.81,0.68,0.56,0.73,14.58
2384,Pop,Artist_13,4.55,0.7,0.83,0.6,35.07
2385,Jazz,Artist_40,3.53,0.52,0.41,0.62,12.97
2386,Classical,Artist_18,4.16,0.36,0.47,0.87,24.56
2387,Indie,Artist_19,4.11,0.66,0.6,0.42,19.19
2388,Rock,Artist_27,3.56,0.77,0.64,0.48,19.62
2389,Hip-Hop,Artist_47,2.87,0.86,0.86,0.29,115.68
2390,Hip-Hop,Artist_3,2.76,0.94,0.74,0.65,22.89
2391,Hip-Hop,Artist_40,3.27,0.21,0.74,0.36,22.96
2392,Electronic,Artist_4,4.17,0.4,0.29,0.71,24.88
2393,Electronic,Artist_26,3.24,0.81,0.92,0.72,59.1
2394,Pop,Artist_6,3.1,0.66,0.49,0.18,34.27
2395,Pop,Artist_42,2.1,0.16,0.64,0.09,2.06
2396,Rock,Artist_22,2.2,0.96,0.65,0.35,44.6
2397,Indie,Artist_10,2.03,0.95,0.31,0.86,1.18
2398,Hip-Hop,Artist_5,2.35,0.55,0.55,0.27,31.86
2399,Indie,Artist_37,2.01,0.16,0.77,0.33,47.8
2400,Hip-Hop,Artist_22,2.51,0.25,0.84,0.49,50.69
2401,Hip-Hop,Artist_2,2.18,0.59,0.56,0.38,2.8
2402,Electronic,Artist_3,4.44,0.92,0.61,0.18,39.0
2403,Indie,Artist_38,2.8,0.21,0.32,0.8,7.67
2404,Electronic,Artist_49,4.16,0.93,0.78,0.57,17.23
2405,Indie,Artist_30,4.41,0.64,0.23,0.38,18.18
2406,Indie,Artist_13,4.91,0.19,0.6,0.22,35.78
2407,Jazz,Artist_37,4.17,0.18,0.13,0.49,14.63
2408,Electronic,Artist_27,3.76,0.81,0.44,0.21,4.51
2409,Pop,Artist_26,3.33,0.61,0.98,0.3,52.04
2410,Pop,Artist_26,3.23,0.73,0.56,0.54,134.33
2411,Indie,Artist_32,3.79,0.63,0.66,0.48,33.5
2412,Electronic,Artist_32,3.47,0.84,0.6,0.47,36.48
2413,Jazz,Artist_14,4.23,0.78,0.51,0.21,8.16
2414,Hip-Hop,Artist_43,2.17,0.97,0.8,0.63,55.33
2415,Classical,Artist_32,3.4,0.75,0.2,0.84,19.56
2416,Hip-Hop,Artist_16,3.33,0.88,0.56,0.46,84.75
2417,Hip-Hop,Artist_47,3.31,0.84,0.4,0.08,73.07
2418,Classical,Artist_15,2.96,0.73,0.29,0.84,28.41
2419,Indie,Artist_45,4.79,0.84,0.39,0.77,17.97
2420,Jazz,Artist_31,3.57,0.11,0.3,0.34,15.42
2421,Indie,Artist_44,2.55,0.94,0.69,0.88,26.53
2422,Electronic,Artist_24,4.51,0.43,0.33,0.37,36.76
2423,Jazz,Artist_43,4.25,0.31,0.55,0.21,10.62
2424,Hip-Hop,Artist_1,2.08,0.4,0.57,0.19,38.0
2425,Hip-Hop,Artist_23,3.89,0.68,0.42,0.19,29.02
2426,Indie,Artist_10,2.27,0.83,0.5,0.18,29.56
2427,Jazz,Artist_27,3.67,0.25,0.99,0.19,47.66
2428,Jazz,Artist_15,3.06,0.34,0.57,0.39,31.44
2429,Hip-Hop,Artist_45,2.22,0.13,0.23,0.21,5.51
2430,Classical,Artist_9,4.95,0.24,0.93,0.48,21.06
2431,Classical,Artist_3,4.94,0.95,0.22,0.64,2.91
2432,Indie,Artist_12,3.97,0.44,0.32,0.19,4.77
2433,Hip-Hop,Artist_1,4.51,0.77,0.8,0.69,21.06
2434,Pop,Artist_50,2.35,0.48,0.71,0.73,1.6
2435,Hip-Hop,Artist_42,3.52,0.45,0.3,0.86,7.66
2436,Classical,Artist_7,3.85,0.84,0.23,0.46,22.52
2437,Jazz,Artist_20,4.56,0.9,0.84,0.83,29.45
2438,Electronic,Artist_27,4.1,0.17,0.65,0.12,10.93
2439,Hip-Hop,Artist_23,4.31,0.73,0.52,0.54,12.7
2440,Indie,Artist_34,4.28,0.43,0.61,0.52,32.62
2441,Electronic,Artist_7,2.28,0.65,0.15,0.07,10.61
2442,Pop,Artist_33,3.97,0.44,0.3,0.76,1.3
2443,Classical,Artist_19,3.84,0.38,0.36,0.69,14.04
2444,Rock,Artist_7,2.82,0.84,0.54,0.04,2.97
2445,Rock,Artist_10,4.97,0.59,0.52,0.68,37.67
2446,Classical,Artist_26,2.23,0.16,0.14,0.7,2.38
2447,Hip-Hop,Artist_27,2.24,0.14,0.81,0.22,48.26
2448,Hip-Hop,Artist_24,2.71,0.94,0.56,0.69,24.18
2449,Indie,Artist_6,2.42,0.9,0.3,0.33,25.13
2450,Indie,Artist_43,2.39,0.65,0.94,0.32,53.14
2451,Jazz,Artist_8,2.77,0.78,0.87,0.87,21.52
2452,Pop,Artist_35,3.26,0.41,0.27,0.67,35.76
2453,Pop,Artist_1,4.22,0.9,0.56,0.36,115.18
2454,Indie,Artist_30,4.48,0.33,0.56,0.31,22.14
2455,Hip-Hop,Artist_31,4.44,0.78,0.54,0.59,5.52
2456,Indie,Artist_9,4.8,0.23,0.35,0.08,47.56
2457,Electronic,Artist_44,2.92,0.83,0.22,0.51,36.29
2458,Hip-Hop,Artist_11,3.82,0.32,0.7,0.32,3.85
2459,Hip-Hop,Artist_40,3.68,0.33,0.23,0.36,12.36
2460,Rock,Artist_50,2.56,0.8,0.79,0.4,1.22
2461,Electronic,Artist_41,2.67,0.72,0.29,0.14,12.49
2462,Hip-Hop,Artist_26,3.7,0.16,0.21,0.49,43.22
2463,Classical,Artist_38,2.19,0.34,0.95,0.51,57.18
2464,Pop,Artist_25,4.75,0.69,0.63,0.53,44.05
2465,Rock,Artist_37,4.5,0.6,0.32,0.07,38.1
2466,Indie,Artist_19,2.22,0.46,0.65,0.2,46.47
2467,Classical,Artist_18,4.64,0.72,0.22,0.75,25.05
2468,Classical,Artist_22,3.53,0.39,0.19,0.81,31.19
2469,Classical,Artist_34,4.26,0.27,0.56,0.65,39.67
2470,Rock,Artist_7,2.16,0.79,0.31,0.09,28.35
2471,Rock,Artist_28,2.51,0.34,0.87,0.03,26.17
2472,Hip-Hop,Artist_21,4.84,0.94,0.53,0.36,92.86
2473,Jazz,Artist_31,4.44,0.82,0.1,0.35,27.89
2474,Rock,Artist_11,2.01,0.89,0.63,0.55,13.8
2475,Pop,Artist_35,4.35,0.92,0.96,0.2,133.12
2476,Jazz,Artist_15,2.31,0.27,0.77,0.67,26.78
2477,Hip-Hop,Artist_11,2.61,0.35,0.72,0.49,37.66
2478,Pop,Artist_33,3.7,0.17,0.92,0.79,46.12
2479,Jazz,Artist_29,3.56,0.35,0.9,0.8,23.28
2480,Classical,Artist_33,3.09,0.95,0.53,0.84,39.83
2481,Hip-Hop,Artist_43,3.8,0.55,0.99,0.68,52.84
2482,Electronic,Artist_49,4.15,0.4,0.32,0.03,48.29
2483,Hip-Hop,Artist_37,4.61,0.27,0.74,0.27,45.79
2484,Jazz,Artist_31,4.87,0.28,0.24,0.73,21.36
2485,Electronic,Artist_35,2.03,0.73,0.11,0.17,30.92
2486,Electronic,Artist_41,2.99,0.71,0.49,0.02,49.52
2487,Classical,Artist_27,3.96,0.62,0.22,0.04,48.52
2488,Indie,Artist_23,3.16,0.37,0.65,0.13,45.78
2489,Jazz,Artist_49,3.42,0.88,0.26,0.14,3.61
2490,Rock,Artist_39,2.98,0.2,0.81,0.05,14.03
2491,Rock,Artist_46,4.64,0.21,0.11,0.42,15.37
2492,Classical,Artist_9,4.94,0.43,0.92,0.71,35.48
2493,Pop,Artist_17,4.68,0.54,0.19,0.41,37.46
2494,Jazz,Artist_46,4.09,0.29,0.56,0.7,1.51
2495,Hip-Hop,Artist_5,4.23,0.11,0.45,0.09,46.28
2496,Hip-Hop,Artist_17,2.46,0.11,0.18,0.31,13.2
2497,Hip-Hop,Artist_22,2.95,0.9,0.4,0.81,92.95
2498,Pop,Artist_8,4.66,0.88,0.33,0.09,89.3
2499,Classical,Artist_44,3.74,0.19,0.15,0.11,41.21
2500,Hip-Hop,Artist_16,2.89,0.45,0.2,0.39,47.92
2501,Pop,Artist_17,2.17,0.71,0.93,0.1,67.71
2502,Hip-Hop,Artist_11,4.22,0.96,0.17,0.46,25.95
2503,Pop,Artist_3,3.81,0.62,0.93,0.75,49.59
2504,Pop,Artist_37,2.3,0.56,0.93,0.59,34.86
2505,Indie,Artist_1,2.87,0.33,0.92,0.17,16.5
2506,Rock,Artist_22,2.04,0.41,0.25,0.84,29.63
2507,Indie,Artist_42,3.82,0.43,0.79,0.16,3.11
2508,Electronic,Artist_26,2.7,0.56,0.23,0.3,3.59
2509,Indie,Artist_29,4.69,0.77,0.95,0.68,24.82
2510,Pop,Artist_14,2.0,0.46,0.93,0.8,21.99
2511,Classical,Artist_30,3.9,0.67,0.91,0.61,42.75
2512,Pop,Artist_6,4.69,0.35,0.91,0.41,52.05
2513,Jazz,Artist_27,3.86,0.21,0.85,0.69,32.71
2514,Electronic,Artist_42,2.85,0.12,0.77,0.12,16.93
2515,Electronic,Artist_44,3.49,0.22,0.18,0.88,39.63
2516,Hip-Hop,Artist_45,3.77,0.29,0.9,0.81,52.15
2517,Rock,Artist_8,3.02,0.29,0.84,0.07,46.15
2518,Pop,Artist_16,4.81,0.97,0.87,0.64,139.43
2519,Rock,Artist_42,2.02,0.26,0.19,0.75,4.88
2520,Hip-Hop,Artist_23,2.72,0.18,0.69,0.35,22.67
2521,Electronic,Artist_10,3.02,0.19,0.5,0.39,29.66
2522,Jazz,Artist_31,2.0,0.65,0.37,0.31,42.4
2523,Pop,Artist_22,4.28,0.48,0.8,0.51,38.34
2524,Hip-Hop,Artist_1,2.81,0.59,0.27,0.58,39.64
2525,Hip-Hop,Artist_39,3.78,0.82,0.25,0.04,22.65
2526,Jazz,Artist_6,2.96,0.45,0.93,0.48,21.02
2527,Hip-Hop,Artist_22,3.72,0.11,0.67,0.55,45.32
2528,Electronic,Artist_50,2.22,0.9,0.79,0.14,43.72
2529,Rock,Artist_18,2.42,0.85,0.71,0.42,41.92
2530,Classical,Artist_14,4.13,0.17,0.46,0.36,30.38
2531,Jazz,Artist_50,4.26,0.95,0.94,0.47,27.28
2532,Electronic,Artist_21,4.6,0.4,0.44,0.18,5.53
2533,Hip-Hop,Artist_41,3.97,0.6,0.74,0.85,11.89
2534,Jazz,Artist_48,4.73,0.82,0.63,0.45,3.28
2535,Jazz,Artist_7,3.19,0.67,0.97,0.2,32.82
2536,Jazz,Artist_28,2.63,0.58,0.53,0.74,45.35
2537,Electronic,Artist_17,2.46,0.65,0.79,0.68,38.47
2538,Hip-Hop,Artist_4,2.24,0.41,0.66,0.09,18.49
2539,Jazz,Artist_1,4.98,0.55,1.0,0.67,55.22
2540,Indie,Artist_41,4.43,0.57,0.57,0.65,26.72
2541,Jazz,Artist_39,4.09,0.16,0.71,0.58,26.92
2542,Indie,Artist_34,4.64,0.54,0.77,0.89,1.22
2543,Electronic,Artist_42,4.42,0.69,0.47,0.49,13.01
2544,Hip-Hop,Artist_37,4.35,0.77,0.76,0.79,67.17
2545,Indie,Artist_14,3.26,0.96,0.46,0.62,13.16
2546,Classical,Artist_18,4.1,0.59,0.52,0.52,3.65
2547,Hip-Hop,Artist_45,2.09,0.4,0.61,0.02,32.8
2548,Electronic,Artist_4,2.53,0.27,0.13,0.22,12.4
2549,Pop,Artist_16,4.27,0.4,0.49,0.66,44.49
2550,Indie,Artist_18,2.32,0.83,0.27,0.32,37.16
2551,Pop,Artist_41,3.44,0.34,0.63,0.02,19.97
2552,Jazz,Artist_4,2.09,0.54,0.27,0.36,7.49
2553,Jazz,Artist_33,3.33,0.49,0.2,0.08,39.49
2554,Pop,Artist_31,2.13,0.57,0.86,0.39,11.47
2555,Electronic,Artist_5,3.4,0.25,0.79,0.57,41.76
2556,Rock,Artist_46,4.66,0.48,0.22,0.79,13.46
2557,Electronic,Artist_7,2.18,0.73,0.89,0.33,58.37
2558,Pop,Artist_14,2.72,0.39,0.94,0.72,5.95
2559,Rock,Artist_29,3.81,0.74,0.93,0.15,52.81
2560,Indie,Artist_50,3.39,0.26,0.11,0.73,34.24
2561,Electronic,Artist_22,4.79,0.87,0.78,0.27,37.31
2562,Pop,Artist_47,3.69,0.28,0.19,0.14,33.23
2563,Indie,Artist_4,3.39,0.39,0.91,0.02,47.74
2564,Hip-Hop,Artist_23,4.45,0.78,0.41,0.53,95.52
2565,Indie,Artist_3,2.12,0.26,0.12,0.89,49.04
2566,Pop,Artist_27,3.18,0.15,0.11,0.64,10.57
2567,Classical,Artist_7,4.96,0.24,0.77,0.51,48.04
2568,Pop,Artist_45,2.99,0.97,0.11,0.41,98.33
2569,Rock,Artist_28,3.01,0.54,0.15,0.25,5.73
2570,Jazz,Artist_14,2.34,0.98,0.96,0.86,20.23
2571,Rock,Artist_1,2.38,0.4,0.14,0.7,44.04
2572,Pop,Artist_46,2.77,0.83,0.68,0.89,22.99
2573,Hip-Hop,Artist_39,4.59,0.71,0.96,0.14,94.85
2574,Rock,Artist_50,3.56,0.85,0.3,0.57,48.89
2575,Electronic,Artist_35,4.07,0.75,0.61,0.56,4.11
2576,Jazz,Artist_20,3.16,0.78,0.89,0.75,35.65
2577,Classical,Artist_15,4.8,0.37,0.83,0.43,17.42
2578,Electronic,Artist_42,2.54,0.13,0.95,0.9,58.55
2579,Rock,Artist_33,3.1,0.23,0.9,0.54,28.01
2580,Jazz,Artist_28,3.3,0.45,0.85,0.78,35.18
2581,Classical,Artist_10,2.45,0.29,0.22,0.35,1.58
2582,Electronic,Artist_20,2.59,0.74,0.65,0.21,46.26
2583,Jazz,Artist_16,4.41,0.51,0.46,0.76,1.23
2584,Hip-Hop,Artist_18,4.63,0.32,0.43,0.18,6.02
2585,Jazz,Artist_27,3.11,0.74,0.43,0.37,47.32
2586,Jazz,Artist_41,4.1,0.69,0.51,0.23,24.71
2587,Classical,Artist_40,2.55,0.31,0.17,0.04,27.5
2588,Jazz,Artist_17,2.16,0.43,0.96,0.9,32.24
2589,Indie,Artist_37,4.8,0.96,0.65,0.82,31.69
2590,Classical,Artist_2,3.38,0.28,0.77,0.07,15.99
2591,Electronic,Artist_50,3.72,0.62,0.41,0.68,30.24
2592,Classical,Artist_31,3.86,0.87,0.79,0.66,3.49
2593,Hip-Hop,Artist_5,4.81,0.23,0.22,0.81,13.61
2594,Electronic,Artist_8,4.53,0.65,0.38,0.24,12.76
2595,Rock,Artist_36,2.72,0.96,0.81,0.0,57.53
2596,Pop,Artist_11,3.73,0.63,0.76,0.4,2.27
2597,Classical,Artist_11,3.33,0.31,0.8,0.68,49.16
2598,Hip-Hop,Artist_9,2.61,0.58,0.36,0.04,6.24
2599,Electronic,Artist_38,3.15,0.73,0.71,0.05,12.78
2600,Rock,Artist_12,3.94,0.48,0.1,0.35,2.9
2601,Jazz,Artist_34,4.07,0.55,0.72,0.22,10.69
2602,Electronic,Artist_30,2.43,0.26,0.82,0.37,30.26
2603,Pop,Artist_18,3.81,0.53,0.22,0.25,21.97
2604,Jazz,Artist_11,3.38,0.89,0.81,0.15,30.43
2605,Jazz,Artist_44,2.79,0.74,0.1,0.46,32.06
2606,Hip-Hop,Artist_8,4.58,0.87,0.97,0.43,160.63
2607,Classical,Artist_24,4.08,0.22,0.74,0.9,4.26
2608,Electronic,Artist_28,2.04,0.97,0.34,0.64,14.53
2609,Jazz,Artist_19,2.23,0.2,0.66,0.76,1.62
2610,Jazz,Artist_4,2.0,0.7,0.36,0.36,1.74
2611,Electronic,Artist_33,3.68,0.25,0.52,0.07,28.89
2612,Electronic,Artist_43,3.05,0.87,0.57,0.26,12.83
2613,Classical,Artist_46,2.11,0.61,0.16,0.82,29.81
2614,Indie,Artist_22,4.58,0.25,0.11,0.58,32.32
2615,Rock,Artist_18,4.22,0.23,0.62,0.52,37.26
2616,Jazz,Artist_10,3.55,0.31,0.54,0.74,8.49
2617,Hip-Hop,Artist_34,3.34,0.96,0.63,0.15,163.78
2618,Jazz,Artist_24,3.43,0.72,0.37,0.72,42.09
2619,Jazz,Artist_26,4.31,0.39,0.24,0.62,32.08
2620,Hip-Hop,Artist_10,2.87,0.79,0.59,0.11,93.8
2621,Classical,Artist_45,3.96,0.82,0.41,0.59,17.03
2622,Electronic,Artist_2,2.52,0.66,0.73,0.65,49.47
2623,Hip-Hop,Artist_29,3.43,0.73,0.63,0.33,106.17
2624,Jazz,Artist_17,2.59,0.73,0.44,0.16,44.78
2625,Rock,Artist_23,4.89,0.74,0.18,0.89,7.94
2626,Classical,Artist_31,4.77,0.7,0.14,0.31,38.06
2627,Rock,Artist_9,3.26,0.27,0.99,0.32,9.77
2628,Hip-Hop,Artist_43,4.23,0.69,0.38,0.1,36.64
2629,Electronic,Artist_47,2.22,0.18,0.54,0.31,45.79
2630,Rock,Artist_17,3.39,0.21,0.74,0.02,45.82
2631,Classical,Artist_48,3.11,0.69,0.43,0.64,25.96
2632,Hip-Hop,Artist_17,2.19,0.41,0.36,0.53,48.64
2633,Pop,Artist_12,2.88,0.39,0.92,0.58,29.44
2634,Classical,Artist_8,3.32,0.19,0.81,0.28,49.75
2635,Classical,Artist_35,3.43,0.33,0.96,0.21,21.5
2636,Pop,Artist_39,3.53,0.87,0.5,0.34,6.98
2637,Hip-Hop,Artist_3,2.37,0.96,0.37,0.87,10.05
2638,Jazz,Artist_26,3.95,0.46,0.92,0.18,57.08
2639,Pop,Artist_28,3.06,0.58,0.68,0.71,19.19
2640,Pop,Artist_46,3.98,0.56,0.7,0.71,24.14
2641,Jazz,Artist_5,4.77,0.95,0.99,0.33,11.88
2642,Indie,Artist_15,4.19,0.3,0.17,0.78,10.03
2643,Electronic,Artist_4,3.29,0.67,0.34,0.74,9.03
2644,Indie,Artist_36,3.89,0.43,0.71,0.76,32.71
2645,Indie,Artist_33,3.37,0.74,0.51,0.81,20.84
2646,Indie,Artist_34,4.05,0.34,0.47,0.19,34.27
2647,Indie,Artist_4,3.05,0.28,0.52,0.25,4.52
2648,Jazz,Artist_8,3.39,0.86,0.64,0.16,27.37
2649,Hip-Hop,Artist_32,4.07,0.78,0.53,0.1,84.12
2650,Indie,Artist_37,3.74,0.41,0.98,0.73,17.34
2651,Pop,Artist_11,3.57,0.75,1.0,0.82,51.9
2652,Electronic,Artist_2,3.46,0.89,0.18,0.86,41.0
2653,Hip-Hop,Artist_2,4.68,0.69,0.38,0.78,8.28
2654,Electronic,Artist_3,4.23,0.15,0.69,0.2,39.78
2655,Hip-Hop,Artist_39,4.67,0.75,0.77,0.88,46.23
2656,Pop,Artist_46,3.46,0.23,0.2,0.35,7.98
2657,Rock,Artist_30,4.25,0.37,0.32,0.65,13.18
2658,Jazz,Artist_40,2.36,0.34,0.19,0.41,29.45
2659,Electronic,Artist_4,4.74,0.33,0.37,0.02,10.14
2660,Rock,Artist_43,4.02,0.47,0.37,0.44,7.77
2661,Classical,Artist_47,2.3,0.16,1.0,0.73,57.48
2662,Indie,Artist_10,3.27,0.24,0.31,0.02,45.44
2663,Rock,Artist_43,3.93,0.15,0.23,0.56,2.18
2664,Pop,Artist_18,4.89,0.19,0.51,0.45,21.15
2665,Pop,Artist_14,4.8,0.21,0.21,0.29,37.22
2666,Hip-Hop,Artist_2,2.23,0.27,0.15,0.32,4.89
2667,Hip-Hop,Artist_5,3.53,0.51,0.86,0.1,3.32
2668,Pop,Artist_1,2.05,0.73,0.17,0.32,7.58
2669,Hip-Hop,Artist_49,4.27,0.89,0.46,0.29,111.38
2670,Jazz,Artist_23,4.35,0.28,0.49,0.43,23.65
2671,Electronic,Artist_45,2.1,0.97,0.8,0.46,23.39
2672,Classical,Artist_33,3.18,0.34,0.39,0.47,46.17
2673,Pop,Artist_5,4.89,0.49,0.86,0.87,25.27
2674,Jazz,Artist_46,4.04,0.72,0.61,0.22,44.19
2675,Classical,Artist_27,3.56,0.16,0.79,0.28,8.09
2676,Hip-Hop,Artist_13,4.32,0.38,0.81,0.34,14.82
2677,Pop,Artist_44,4.71,0.2,0.69,0.58,29.04
2678,Indie,Artist_1,2.7,0.8,0.51,0.5,24.38
2679,Pop,Artist_14,2.8,0.14,0.96,0.41,42.02
2680,Rock,Artist_48,4.85,0.83,0.31,0.43,8.33
2681,Indie,Artist_2,3.18,0.57,0.21,0.75,22.43
2682,Electronic,Artist_42,2.18,0.28,0.89,0.22,42.26
2683,Jazz,Artist_47,3.2,0.7,0.9,0.61,16.58
2684,Jazz,Artist_44,4.84,0.19,0.84,0.64,2.84
2685,Rock,Artist_4,2.29,0.43,0.97,0.4,5.41
2686,Hip-Hop,Artist_47,3.37,0.66,0.89,0.72,22.97
2687,Hip-Hop,Artist_21,2.03,0.9,0.59,0.55,24.06
2688,Hip-Hop,Artist_50,4.5,0.23,0.12,0.08,47.67
2689,Jazz,Artist_6,4.08,0.93,0.3,0.28,40.58
2690,Jazz,Artist_11,4.58,0.72,0.94,0.37,42.53
2691,Indie,Artist_8,2.51,0.96,0.76,0.85,20.26
2692,Rock,Artist_2,3.21,0.89,0.59,0.39,45.01
2693,Indie,Artist_49,3.15,0.76,0.67,0.33,38.15
2694,Indie,Artist_32,4.02,0.16,0.65,0.21,18.95
2695,Pop,Artist_10,3.34,0.28,0.53,0.84,6.55
2696,Jazz,Artist_1,2.79,0.84,0.5,0.72,36.38
2697,Jazz,Artist_29,2.54,0.66,0.25,0.66,28.01
2698,Rock,Artist_22,2.87,0.53,1.0,0.4,4.54
2699,Electronic,Artist_43,2.78,0.47,0.31,0.38,30.87
2700,Indie,Artist_3,2.06,0.51,0.48,0.6,34.35
2701,Pop,Artist_31,3.47,0.94,0.81,0.81,59.53
2702,Classical,Artist_25,3.19,0.23,0.85,0.09,10.15
2703,Rock,Artist_49,4.35,0.66,0.81,0.31,57.63
2704,Electronic,Artist_14,3.01,0.11,0.41,0.4,45.28
2705,Jazz,Artist_28,3.61,0.21,0.57,0.47,27.56
2706,Indie,Artist_49,2.36,0.93,0.93,0.56,24.9
2707,Jazz,Artist_21,4.12,0.77,0.74,0.47,42.21
2708,Pop,Artist_27,4.53,0.11,0.17,0.56,34.95
2709,Rock,Artist_48,4.94,0.69,0.17,0.4,19.75
2710,Jazz,Artist_40,3.18,0.65,0.53,0.78,17.73
2711,Pop,Artist_23,3.18,0.98,0.84,0.09,101.03
2712,Jazz,Artist_1,4.16,0.8,0.36,0.83,33.93
2713,Jazz,Artist_30,4.69,0.5,0.63,0.6,49.62
2714,Rock,Artist_45,4.06,0.6,0.82,0.54,10.41
2715,Classical,Artist_39,2.85,0.8,0.34,0.8,40.88
2716,Jazz,Artist_16,2.99,0.3,0.55,0.56,37.34
2717,Rock,Artist_42,4.43,0.45,0.66,0.81,1.39
2718,Classical,Artist_49,3.1,0.68,0.57,0.3,45.91
2719,Electronic,Artist_12,2.17,0.96,0.28,0.48,18.54
2720,Classical,Artist_48,2.63,0.59,0.18,0.58,9.07
2721,Rock,Artist_29,4.67,0.14,0.94,0.38,36.88
2722,Pop,Artist_19,2.08,0.49,0.79,0.68,34.57
2723,Pop,Artist_7,3.55,0.96,0.56,0.09,83.77
2724,Classical,Artist_40,3.19,0.7,0.73,0.69,22.18
2725,Indie,Artist_46,2.92,0.21,0.92,0.32,23.96
2726,Rock,Artist_45,4.43,0.26,0.6,0.59,30.02
2727,Rock,Artist_9,3.07,0.19,0.79,0.21,36.43
2728,Electronic,Artist_26,3.32,0.7,0.42,0.49,37.22
2729,Classical,Artist_31,2.23,0.77,0.38,0.13,23.81
2730,Indie,Artist_11,4.17,0.97,0.59,0.39,11.26
2731,Electronic,Artist_28,3.76,0.84,0.38,0.45,34.53
2732,Electronic,Artist_27,2.85,0.63,0.2,0.56,25.5
2733,Jazz,Artist_22,3.36,0.97,0.93,0.32,30.12
2734,Rock,Artist_41,2.87,0.22,0.94,0.89,40.61
2735,Indie,Artist_41,2.12,0.61,0.8,0.64,36.33
2736,Indie,Artist_40,2.21,0.15,0.7,0.16,22.31
2737,Indie,Artist_16,4.67,0.12,0.38,0.77,17.09
2738,Indie,Artist_43,2.55,0.48,0.72,0.11,40.59
2739,Electronic,Artist_37,3.0,0.13,0.72,0.04,17.51
2740,Hip-Hop,Artist_33,2.47,0.73,0.82,0.72,83.32
2741,Hip-Hop,Artist_25,3.3,0.54,0.64,0.82,42.32
2742,Electronic,Artist_8,3.4,1.0,0.67,0.2,10.39
2743,Jazz,Artist_39,3.42,0.66,0.86,0.73,42.34
2744,Hip-Hop,Artist_48,4.04,0.96,0.93,0.64,83.52
2745,Indie,Artist_32,3.1,0.12,0.38,0.59,30.03
2746,Pop,Artist_23,2.67,0.99,0.32,0.27,63.16
2747,Rock,Artist_39,2.84,0.15,0.27,0.34,28.55
2748,Hip-Hop,Artist_42,2.3,0.86,0.66,0.89,41.39
2749,Classical,Artist_47,4.43,0.96,0.21,0.09,27.7
2750,Rock,Artist_29,4.84,0.57,0.18,0.01,11.83
2751,Electronic,Artist_32,3.84,0.67,0.4,0.22,42.85
2752,Pop,Artist_16,4.56,0.47,0.71,0.24,5.81
2753,Hip-Hop,Artist_4,3.46,0.44,0.72,0.01,8.61
2754,Electronic,Artist_16,3.07,0.11,0.31,0.82,40.19
2755,Rock,Artist_38,2.32,0.5,0.56,0.05,13.22
2756,Jazz,Artist_39,3.62,0.82,0.54,0.78,12.72
2757,Electronic,Artist_46,2.15,0.9,0.33,0.35,11.7
2758,Jazz,Artist_33,2.41,0.23,1.0,0.19,58.64
2759,Classical,Artist_26,4.43,0.49,0.31,0.74,27.77
2760,Jazz,Artist_42,3.99,0.52,0.35,0.59,24.76
2761,Classical,Artist_48,2.16,0.43,0.5,0.41,45.5
2762,Electronic,Artist_10,4.14,0.6,0.65,0.73,43.97
2763,Classical,Artist_23,4.91,0.62,0.62,0.18,31.17
2764,Hip-Hop,Artist_7,4.13,0.37,0.73,0.23,34.4
2765,Hip-Hop,Artist_14,2.16,0.19,0.94,0.05,26.39
2766,Jazz,Artist_9,2.65,0.6,0.1,0.78,38.08
2767,Classical,Artist_28,4.82,0.87,0.24,0.27,47.19
2768,Electronic,Artist_13,4.07,0.79,0.24,0.67,24.73
2769,Rock,Artist_16,3.11,0.69,0.81,0.84,15.01
2770,Classical,Artist_50,4.96,0.99,0.89,0.37,37.21
2771,Pop,Artist_18,2.05,0.14,0.44,0.01,31.37
2772,Pop,Artist_29,4.7,0.2,0.18,0.66,39.19
2773,Jazz,Artist_20,4.19,0.78,0.33,0.35,25.11
2774,Jazz,Artist_21,4.82,0.74,0.65,0.48,31.95
2775,Pop,Artist_10,4.32,0.83,0.44,0.58,73.17
2776,Rock,Artist_36,3.03,0.67,0.99,0.27,49.7
2777,Hip-Hop,Artist_10,2.22,0.64,0.17,0.49,47.25
2778,Hip-Hop,Artist_47,2.83,0.23,0.63,0.86,34.44
2779,Jazz,Artist_22,3.94,0.6,0.71,0.34,26.21
2780,Jazz,Artist_20,4.89,0.2,0.91,0.84,3.97
2781,Indie,Artist_35,4.71,0.32,0.58,0.01,12.27
2782,Classical,Artist_47,4.07,0.97,0.67,0.62,15.18
2783,Electronic,Artist_45,4.62,0.12,0.11,0.35,33.13
2784,Electronic,Artist_46,4.03,0.25,0.2,0.51,27.59
2785,Hip-Hop,Artist_8,3.18,0.91,0.16,0.83,92.91
2786,Rock,Artist_16,3.81,0.56,0.57,0.86,1.44
2787,Rock,Artist_41,2.29,0.21,0.73,0.09,4.29
2788,Pop,Artist_45,4.68,0.69,0.21,0.5,11.7
2789,Pop,Artist_31,3.73,0.31,0.31,0.2,1.31
2790,Indie,Artist_20,4.07,0.19,0.36,0.31,44.2
2791,Electronic,Artist_13,4.44,0.93,0.66,0.19,19.59
2792,Indie,Artist_45,4.08,0.51,0.65,0.16,42.73
2793,Classical,Artist_27,4.16,0.61,0.84,0.02,9.06
2794,Hip-Hop,Artist_43,2.35,0.29,0.98,0.09,30.89
2795,Electronic,Artist_27,4.76,0.85,0.81,0.47,23.79
2796,Indie,Artist_35,4.61,0.93,0.21,0.85,6.17
2797,Electronic,Artist_42,4.65,0.95,0.71,0.13,14.81
2798,Electronic,Artist_13,3.81,0.43,0.45,0.68,8.89
2799,Jazz,Artist_35,2.45,0.27,0.95,0.34,6.09
2800,Electronic,Artist_38,3.26,0.63,0.85,0.34,24.9
2801,Electronic,Artist_44,2.5,0.77,0.96,0.03,43.08
2802,Jazz,Artist_40,4.4,0.91,0.22,0.67,7.8
2803,Hip-Hop,Artist_24,3.33,0.37,0.57,0.2,24.38
2804,Indie,Artist_19,2.23,0.57,0.93,0.65,32.97
2805,Electronic,Artist_36,4.81,0.16,0.19,0.65,28.8
2806,Jazz,Artist_49,2.77,0.69,0.39,0.78,38.46
2807,Rock,Artist_33,2.45,0.64,0.83,0.55,54.08
2808,Indie,Artist_14,4.76,0.85,0.87,0.16,37.92
2809,Indie,Artist_6,4.05,0.84,0.54,0.14,34.43
2810,Jazz,Artist_18,2.06,0.32,0.81,0.89,41.16
2811,Hip-Hop,Artist_40,3.59,0.72,0.37,0.67,41.08
2812,Jazz,Artist_27,4.8,0.72,0.86,0.16,19.52
2813,Indie,Artist_45,3.09,0.67,0.15,0.34,23.82
2814,Electronic,Artist_6,3.65,0.75,0.8,0.77,26.58
2815,Hip-Hop,Artist_37,2.66,0.67,0.53,0.62,35.15
2816,Indie,Artist_12,2.07,0.48,0.31,0.29,5.14
2817,Indie,Artist_21,4.48,0.87,0.41,0.74,29.37
2818,Jazz,Artist_29,3.07,0.72,0.84,0.03,55.56
2819,Indie,Artist_8,4.57,0.4,0.92,0.1,15.24
2820,Rock,Artist_7,4.5,0.2,0.4,0.07,6.11
2821,Electronic,Artist_43,4.56,0.13,0.59,0.19,6.06
2822,Classical,Artist_3,4.98,0.99,0.26,0.18,19.52
2823,Rock,Artist_5,4.96,0.74,0.46,0.56,6.73
2824,Indie,Artist_33,2.66,0.14,0.84,0.69,4.11
2825,Indie,Artist_27,3.25,0.17,0.46,0.26,12.36
2826,Jazz,Artist_1,2.78,0.26,0.22,0.1,1.85
2827,Rock,Artist_19,4.68,0.34,0.67,0.75,7.27
2828,Jazz,Artist_32,2.91,0.5,0.12,0.19,2.84
2829,Jazz,Artist_49,2.17,0.72,0.95,0.13,27.99
2830,Rock,Artist_36,2.17,0.31,0.99,0.02,40.59
2831,Hip-Hop,Artist_26,3.76,0.71,0.62,0.68,68.03
2832,Classical,Artist_35,3.42,0.18,0.71,0.88,1.4
2833,Rock,Artist_46,2.81,0.94,0.91,0.42,25.31
2834,Hip-Hop,Artist_40,2.68,0.19,0.93,0.02,50.83
2835,Pop,Artist_21,4.47,0.22,0.64,0.64,35.42
2836,Rock,Artist_18,4.13,0.6,0.59,0.19,41.1
2837,Indie,Artist_27,3.69,0.99,0.28,0.57,17.09
2838,Rock,Artist_19,4.55,0.87,0.6,0.64,30.17
2839,Jazz,Artist_34,3.01,0.5,0.5,0.89,22.87
2840,Electronic,Artist_35,2.09,0.62,0.8,0.2,10.28
2841,Hip-Hop,Artist_16,2.9,0.75,0.86,0.33,41.91
2842,Classical,Artist_30,3.64,0.22,0.74,0.06,15.42
2843,Classical,Artist_26,4.16,0.23,0.36,0.25,44.03
2844,Jazz,Artist_27,3.68,0.25,0.63,0.52,10.48
2845,Electronic,Artist_46,2.66,0.46,0.89,0.41,54.92
2846,Classical,Artist_41,2.74,0.72,0.41,0.86,5.09
2847,Pop,Artist_22,4.68,0.37,0.31,0.13,19.55
2848,Jazz,Artist_36,3.94,0.74,0.92,0.4,2.49
2849,Pop,Artist_20,4.73,0.67,0.4,0.11,39.72
2850,Classical,Artist_4,3.65,0.44,0.46,0.05,42.72
2851,Electronic,Artist_48,4.01,0.19,0.67,0.63,33.49
2852,Pop,Artist_33,2.8,0.12,0.18,0.01,11.99
2853,Classical,Artist_16,4.32,0.97,0.58,0.2,21.82
2854,Classical,Artist_19,2.37,0.14,0.61,0.46,7.49
2855,Hip-Hop,Artist_15,3.65,0.78,0.73,0.68,59.03
2856,Indie,Artist_42,2.44,0.99,0.62,0.67,46.55
2857,Indie,Artist_22,4.65,0.55,0.12,0.75,22.24
2858,Jazz,Artist_50,3.4,0.53,0.78,0.5,42.54
2859,Classical,Artist_34,2.53,0.47,0.28,0.63,6.94
2860,Pop,Artist_18,2.06,0.49,0.56,0.42,49.33
2861,Indie,Artist_19,3.75,0.29,0.71,0.57,37.31
2862,Hip-Hop,Artist_12,3.49,0.98,0.72,0.5,14.9
2863,Rock,Artist_17,2.68,0.15,0.61,0.61,43.24
2864,Indie,Artist_27,4.39,0.36,0.23,0.24,26.6
2865,Indie,Artist_9,2.91,0.22,0.64,0.54,16.6
2866,Classical,Artist_34,3.06,0.42,0.87,0.6,59.34
2867,Rock,Artist_2,4.74,0.48,0.52,0.79,16.75
2868,Classical,Artist_42,2.96,0.63,0.49,0.16,28.44
2869,Indie,Artist_3,2.31,0.47,0.48,0.49,20.7
2870,Indie,Artist_24,4.17,0.28,0.63,0.06,43.52
2871,Indie,Artist_29,3.94,0.74,0.8,0.16,22.3
2872,Rock,Artist_29,4.56,0.12,0.74,0.24,5.62
2873,Rock,Artist_30,2.47,0.91,0.2,0.46,15.8
2874,Electronic,Artist_8,4.75,0.21,0.84,0.34,55.08
2875,Electronic,Artist_17,4.82,0.32,0.61,0.88,42.71
2876,Hip-Hop,Artist_38,4.92,0.73,0.48,0.78,19.3
2877,Jazz,Artist_40,3.64,0.59,0.53,0.51,41.62
2878,Hip-Hop,Artist_16,2.61,0.54,0.87,0.3,45.29
2879,Rock,Artist_11,3.84,0.92,0.17,0.11,26.09
2880,Rock,Artist_4,4.05,0.51,0.44,0.47,28.8
2881,Classical,Artist_29,2.01,0.5,0.51,0.36,24.51
2882,Pop,Artist_44,3.55,0.37,0.36,0.49,36.91
2883,Pop,Artist_22,3.32,0.78,0.65,0.04,64.21
2884,Pop,Artist_42,3.07,0.5,0.45,0.38,10.58
2885,Rock,Artist_9,2.87,0.43,0.94,0.76,38.85
2886,Jazz,Artist_33,2.62,0.83,0.42,0.48,35.62
2887,Electronic,Artist_10,3.33,0.98,0.53,0.66,7.85
2888,Jazz,Artist_42,4.23,0.86,0.94,0.73,36.56
2889,Hip-Hop,Artist_41,3.32,0.42,0.23,0.76,40.36
2890,Indie,Artist_29,3.22,0.69,0.56,0.25,28.13
2891,Jazz,Artist_23,2.89,0.6,0.26,0.66,15.16
2892,Hip-Hop,Artist_29,4.44,0.85,0.68,0.38,66.87
2893,Hip-Hop,Artist_39,2.48,0.99,0.26,0.28,157.12
2894,Hip-Hop,Artist_37,4.19,0.41,0.54,0.13,3.23
2895,Hip-Hop,Artist_34,4.98,0.34,0.59,0.57,17.84
2896,Pop,Artist_7,3.61,0.46,0.28,0.49,36.73
2897,Electronic,Artist_32,4.52,0.38,0.63,0.74,29.08
2898,Jazz,Artist_7,2.92,0.95,0.23,0.47,14.58
2899,Indie,Artist_2,2.96,0.49,0.72,0.61,14.53
2900,Jazz,Artist_8,3.01,0.8,0.65,0.27,25.27
2901,Jazz,Artist_49,3.63,0.16,0.64,0.8,10.76
2902,Jazz,Artist_40,3.63,0.21,0.1,0.44,14.18
2903,Pop,Artist_39,2.89,0.83,0.96,0.17,52.61
2904,Rock,Artist_26,3.62,0.8,0.38,0.56,40.26
2905,Classical,Artist_3,4.36,0.68,0.91,0.06,47.78
2906,Pop,Artist_33,2.08,0.39,0.9,0.62,34.17
2907,Pop,Artist_50,2.87,0.84,0.64,0.8,134.39
2908,Pop,Artist_21,4.37,0.7,0.46,0.23,24.17
2909,Jazz,Artist_33,2.72,0.45,0.96,0.58,47.82
2910,Classical,Artist_31,2.7,0.9,0.38,0.68,39.14
2911,Rock,Artist_14,3.01,0.28,0.62,0.6,37.54
2912,Rock,Artist_11,4.98,0.87,0.78,0.66,37.22
2913,Classical,Artist_10,3.33,0.16,0.68,0.61,7.57
2914,Electronic,Artist_18,4.54,0.25,0.6,0.64,48.35
2915,Jazz,Artist_44,2.35,0.52,0.67,0.59,31.66
2916,Classical,Artist_41,4.51,0.5,0.65,0.45,44.78
2917,Indie,Artist_22,3.75,0.26,0.31,0.63,37.79
2918,Hip-Hop,Artist_45,2.02,0.98,0.66,0.66,4.09
2919,Classical,Artist_47,2.03,0.34,0.34,0.46,35.93
2920,Pop,Artist_45,2.15,0.62,0.65,0.63,41.07
2921,Electronic,Artist_43,2.8,0.26,0.83,0.35,53.56
2922,Pop,Artist_35,3.76,0.18,0.33,0.68,6.06
2923,Pop,Artist_29,3.83,0.96,0.17,0.61,100.48
2924,Pop,Artist_17,2.06,0.66,0.99,0.61,51.69
2925,Hip-Hop,Artist_48,3.56,0.33,0.85,0.7,35.34
2926,Electronic,Artist_25,2.44,0.73,0.25,0.47,42.06
2927,Indie,Artist_28,3.67,0.24,0.53,0.7,25.68
2928,Indie,Artist_23,4.01,0.65,0.99,0.02,30.81
2929,Indie,Artist_4,2.21,0.6,0.94,0.56,25.41
2930,Indie,Artist_45,3.96,0.74,0.91,0.09,34.01
2931,Electronic,Artist_30,2.81,0.3,0.39,0.75,17.96
2932,Indie,Artist_47,2.69,0.33,0.76,0.48,44.37
2933,Indie,Artist_42,3.99,0.6,0.22,0.05,22.46
2934,Pop,Artist_9,2.83,0.76,0.84,0.17,84.5
2935,Jazz,Artist_48,4.28,0.55,0.39,0.85,5.41
2936,Hip-Hop,Artist_31,2.38,0.75,0.48,0.61,197.89
2937,Classical,Artist_29,4.2,0.59,0.22,0.44,48.21
2938,Classical,Artist_25,4.84,0.95,0.25,0.79,28.21
2939,Classical,Artist_2,2.82,0.71,0.16,0.05,18.77
2940,Electronic,Artist_43,4.67,0.7,0.98,0.14,49.65
2941,Classical,Artist_20,4.89,0.49,0.75,0.56,15.06
2942,Hip-Hop,Artist_38,4.25,0.63,0.75,0.61,11.55
2943,Electronic,Artist_40,2.5,0.18,0.77,0.33,36.58
2944,Indie,Artist_25,3.53,0.1,0.19,0.03,37.27
2945,Hip-Hop,Artist_20,4.14,0.71,0.12,0.7,65.17
2946,Indie,Artist_44,2.95,0.68,0.8,0.6,33.02
2947,Rock,Artist_17,2.66,0.27,0.98,0.03,36.81
2948,Classical,Artist_31,4.52,0.23,0.19,0.78,12.06
2949,Classical,Artist_11,3.76,0.15,0.41,0.29,19.75
2950,Rock,Artist_35,4.38,0.41,0.48,0.77,6.25
2951,Hip-Hop,Artist_16,3.35,0.43,0.72,0.14,37.98
2952,Classical,Artist_18,4.47,0.38,0.73,0.32,5.43
2953,Indie,Artist_41,2.78,0.62,0.45,0.38,33.5
2954,Indie,Artist_44,4.94,0.92,0.89,0.23,27.12
2955,Indie,Artist_32,4.76,0.28,0.12,0.69,36.62
2956,Hip-Hop,Artist_33,2.59,0.45,0.25,0.46,27.3
2957,Indie,Artist_47,4.7,0.27,0.89,0.05,53.22
2958,Electronic,Artist_26,2.68,0.25,0.9,0.3,32.39
2959,Hip-Hop,Artist_17,3.22,0.75,0.27,0.18,83.1
2960,Jazz,Artist_23,3.4,0.79,0.96,0.29,14.17
2961,Classical,Artist_20,3.48,0.33,0.16,0.16,49.75
2962,Electronic,Artist_9,4.08,0.9,0.32,0.67,47.33
2963,Hip-Hop,Artist_22,3.13,0.99,0.57,0.1,49.0
2964,Classical,Artist_8,3.21,0.14,0.8,0.51,31.24
2965,Pop,Artist_9,2.01,0.7,0.3,0.34,9.43
2966,Classical,Artist_13,3.15,0.9,0.58,0.15,6.61
2967,Hip-Hop,Artist_42,4.57,0.55,0.76,0.27,37.92
2968,Hip-Hop,Artist_9,3.77,0.73,0.9,0.78,65.09
2969,Rock,Artist_20,3.52,0.74,0.29,0.7,20.47
2970,Hip-Hop,Artist_46,3.27,0.76,0.21,0.64,131.35
2971,Indie,Artist_29,2.77,0.52,0.88,0.05,11.66
2972,Indie,Artist_33,2.51,0.53,0.67,0.62,43.57
2973,Indie,Artist_20,2.24,0.61,0.64,0.05,43.72
2974,Electronic,Artist_16,3.41,0.83,0.97,0.21,29.28
2975,Indie,Artist_34,3.88,0.5,0.94,0.88,25.01
2976,Pop,Artist_43,2.11,0.73,0.39,0.1,105.65
2977,Rock,Artist_49,2.74,0.36,0.79,0.86,45.66
2978,Electronic,Artist_17,3.46,0.3,0.8,0.71,18.32
2979,Hip-Hop,Artist_35,3.13,0.82,0.92,0.57,126.14
2980,Rock,Artist_35,2.26,0.38,0.57,0.34,19.62
2981,Rock,Artist_8,2.68,0.28,0.96,0.56,34.96
2982,Hip-Hop,Artist_1,3.1,0.18,0.29,0.5,13.03
2983,Rock,Artist_16,3.91,0.92,0.42,0.63,37.32
2984,Jazz,Artist_6,4.32,0.59,0.41,0.81,2.55
2985,Jazz,Artist_22,3.74,0.46,0.18,0.37,5.41
2986,Electronic,Artist_35,2.66,0.86,0.88,0.81,5.09
2987,Indie,Artist_5,3.39,0.26,0.13,0.53,21.29
2988,Classical,Artist_21,3.67,0.4,0.7,0.89,19.59
2989,Hip-Hop,Artist_6,4.57,0.46,0.17,0.8,31.97
2990,Electronic,Artist_25,4.07,0.41,0.45,0.4,5.98
2991,Hip-Hop,Artist_11,3.46,0.98,0.41,0.22,74.32
2992,Jazz,Artist_8,4.27,0.81,0.24,0.48,19.52
2993,Electronic,Artist_47,4.3,0.89,0.34,0.74,47.14
2994,Rock,Artist_47,3.22,0.96,0.42,0.62,13.46
2995,Hip-Hop,Artist_21,4.94,0.94,0.32,0.17,49.02
2996,Jazz,Artist_3,3.75,0.17,0.96,0.6,42.26
2997,Hip-Hop,Artist_10,4.0,0.86,0.14,0.66,46.91
2998,Classical,Artist_36,2.79,0.82,0.12,0.84,24.08
2999,Rock,Artist_36,3.64,0.95,0.98,0.13,20.11
3000,Hip-Hop,Artist_18,3.55,0.13,0.32,0.28,18.24
